# Instantaneous forward rate on a dense grid, per interpolation scheme. This is where the schemes disagree.
# Produced by: fi_report (fixed-income-engine 0.1.0)
# Regenerate:  ./build/fi_report --out reports
tenor_years,linear-zero_forward_pct,log-linear-df_forward_pct,monotone-convex_forward_pct
0.01,3.663917,3.663917,3.672822
0.02,3.663917,3.663917,3.671662
0.03,3.663917,3.663917,3.669730
0.04,3.663917,3.663917,3.667026
0.05,3.663917,3.663917,3.663548
0.06,3.663917,3.663917,3.659297
0.07,3.663917,3.663917,3.654274
0.08,3.663917,3.663917,3.648478
0.09,3.643117,3.628551,3.640664
0.10,3.638741,3.628551,3.632571
0.11,3.634365,3.628551,3.625970
0.12,3.629990,3.628551,3.620861
0.13,3.625614,3.628551,3.617243
0.14,3.621238,3.628551,3.615116
0.15,3.616862,3.628551,3.614839
0.16,3.612486,3.628551,3.690634
0.17,3.766566,3.812248,3.762015
0.18,3.779959,3.812248,3.806638
0.19,3.793351,3.812248,3.839527
0.20,3.806744,3.812248,3.860684
0.21,3.820137,3.812248,3.870107
0.22,3.833529,3.812248,3.861744
0.23,3.846922,3.812248,3.817865
0.24,3.860314,3.812248,3.737324
0.25,3.563166,3.521295,3.633603
0.26,3.552051,3.521295,3.561642
0.27,3.540936,3.521295,3.516387
0.28,3.529821,3.521295,3.497837
0.29,3.518706,3.521295,3.497331
0.30,3.507591,3.521295,3.497331
0.31,3.496476,3.521295,3.497331
0.32,3.485362,3.521295,3.497331
0.33,3.518242,3.448604,3.496394
0.34,3.509783,3.448604,3.488976
0.35,3.501325,3.448604,3.481878
0.36,3.492866,3.448604,3.475102
0.37,3.484408,3.448604,3.468646
0.38,3.475949,3.448604,3.462511
0.39,3.467491,3.448604,3.456696
0.40,3.459033,3.448604,3.451203
0.41,3.450574,3.448604,3.446030
0.42,3.442116,3.448604,3.441178
0.43,3.433657,3.448604,3.436646
0.44,3.425199,3.448604,3.432436
0.45,3.416740,3.448604,3.428546
0.46,3.408282,3.448604,3.424977
0.47,3.399823,3.448604,3.421729
0.48,3.391365,3.448604,3.418802
0.49,3.382906,3.448604,3.416195
0.50,3.449131,3.312872,3.407308
0.51,3.443635,3.312872,3.389982
0.52,3.438140,3.312872,3.373972
0.53,3.432644,3.312872,3.359278
0.54,3.427148,3.312872,3.345899
0.55,3.421653,3.312872,3.333836
0.56,3.416157,3.312872,3.323089
0.57,3.410662,3.312872,3.313657
0.58,3.405166,3.312872,3.305541
0.59,3.399671,3.312872,3.298740
0.60,3.394175,3.312872,3.293255
0.61,3.388680,3.312872,3.289086
0.62,3.383184,3.312872,3.286233
0.63,3.377689,3.312872,3.284695
0.64,3.372193,3.312872,3.284406
0.65,3.366698,3.312872,3.284492
0.66,3.361202,3.312872,3.284680
0.67,3.355707,3.312872,3.284972
0.68,3.350211,3.312872,3.285366
0.69,3.344716,3.312872,3.285864
0.70,3.339220,3.312872,3.286465
0.71,3.333725,3.312872,3.287168
0.72,3.328229,3.312872,3.287975
0.73,3.322734,3.312872,3.288884
0.74,3.317238,3.312872,3.289897
0.75,3.311743,3.312872,3.291013
0.76,3.306247,3.312872,3.292231
0.77,3.300752,3.312872,3.293553
0.78,3.295256,3.312872,3.294977
0.79,3.289761,3.312872,3.296505
0.80,3.284265,3.312872,3.298136
0.81,3.278770,3.312872,3.299869
0.82,3.273274,3.312872,3.301706
0.83,3.267778,3.312872,3.303645
0.84,3.262283,3.312872,3.305688
0.85,3.256787,3.312872,3.307833
0.86,3.251292,3.312872,3.310082
0.87,3.245796,3.312872,3.312434
0.88,3.240301,3.312872,3.314888
0.89,3.234805,3.312872,3.317446
0.90,3.229310,3.312872,3.320106
0.91,3.223814,3.312872,3.322870
0.92,3.218319,3.312872,3.325737
0.93,3.212823,3.312872,3.328706
0.94,3.207328,3.312872,3.331779
0.95,3.201832,3.312872,3.334954
0.96,3.196337,3.312872,3.338233
0.97,3.190841,3.312872,3.341614
0.98,3.185346,3.312872,3.345099
0.99,3.179850,3.312872,3.348687
1.00,3.307028,3.371593,3.352377
1.01,3.439513,3.430314,3.353083
1.02,3.439325,3.430314,3.353816
1.03,3.439136,3.430314,3.354574
1.04,3.438947,3.430314,3.355359
1.05,3.438759,3.430314,3.356170
1.06,3.438570,3.430314,3.357007
1.07,3.438382,3.430314,3.357870
1.08,3.438193,3.430314,3.358760
1.09,3.438005,3.430314,3.359676
1.10,3.437816,3.430314,3.360618
1.11,3.437627,3.430314,3.361587
1.12,3.437439,3.430314,3.362581
1.13,3.437250,3.430314,3.363602
1.14,3.437062,3.430314,3.364649
1.15,3.436873,3.430314,3.365722
1.16,3.436685,3.430314,3.366822
1.17,3.436496,3.430314,3.367948
1.18,3.436307,3.430314,3.369100
1.19,3.436119,3.430314,3.370278
1.20,3.435930,3.430314,3.371482
1.21,3.435742,3.430314,3.372713
1.22,3.435553,3.430314,3.373970
1.23,3.435365,3.430314,3.375253
1.24,3.435176,3.430314,3.376563
1.25,3.434987,3.430314,3.377898
1.26,3.434799,3.430314,3.379260
1.27,3.434610,3.430314,3.380648
1.28,3.434422,3.430314,3.382062
1.29,3.434233,3.430314,3.383503
1.30,3.434045,3.430314,3.384970
1.31,3.433856,3.430314,3.386463
1.32,3.433667,3.430314,3.387982
1.33,3.433479,3.430314,3.389527
1.34,3.433290,3.430314,3.391099
1.35,3.433102,3.430314,3.392697
1.36,3.432913,3.430314,3.394321
1.37,3.432724,3.430314,3.395972
1.38,3.432536,3.430314,3.397648
1.39,3.432347,3.430314,3.399351
1.40,3.432159,3.430314,3.401080
1.41,3.431970,3.430314,3.402836
1.42,3.431782,3.430314,3.404617
1.43,3.431593,3.430314,3.406425
1.44,3.431404,3.430314,3.408259
1.45,3.431216,3.430314,3.410119
1.46,3.431027,3.430314,3.412006
1.47,3.430839,3.430314,3.413918
1.48,3.430650,3.430314,3.415857
1.49,3.430462,3.430314,3.417823
1.50,3.430273,3.430314,3.419814
1.51,3.430084,3.430314,3.421832
1.52,3.429896,3.430314,3.423875
1.53,3.429707,3.430314,3.425946
1.54,3.429519,3.430314,3.428042
1.55,3.429330,3.430314,3.430165
1.56,3.429142,3.430314,3.432313
1.57,3.428953,3.430314,3.434488
1.58,3.428764,3.430314,3.436690
1.59,3.428576,3.430314,3.438917
1.60,3.428387,3.430314,3.441171
1.61,3.428199,3.430314,3.443451
1.62,3.428010,3.430314,3.445757
1.63,3.427821,3.430314,3.448089
1.64,3.427633,3.430314,3.450448
1.65,3.427444,3.430314,3.452833
1.66,3.427256,3.430314,3.455244
1.67,3.427067,3.430314,3.457681
1.68,3.426879,3.430314,3.460145
1.69,3.426690,3.430314,3.462635
1.70,3.426501,3.430314,3.465151
1.71,3.426313,3.430314,3.467693
1.72,3.426124,3.430314,3.470262
1.73,3.425936,3.430314,3.472856
1.74,3.425747,3.430314,3.475477
1.75,3.425559,3.430314,3.478125
1.76,3.425370,3.430314,3.480798
1.77,3.425181,3.430314,3.483498
1.78,3.424993,3.430314,3.486224
1.79,3.424804,3.430314,3.488976
1.80,3.424616,3.430314,3.491754
1.81,3.424427,3.430314,3.494559
1.82,3.424239,3.430314,3.497390
1.83,3.424050,3.430314,3.500247
1.84,3.423861,3.430314,3.503130
1.85,3.423673,3.430314,3.506039
1.86,3.423484,3.430314,3.508975
1.87,3.423296,3.430314,3.511937
1.88,3.423107,3.430314,3.514925
1.89,3.422919,3.430314,3.517940
1.90,3.422730,3.430314,3.520980
1.91,3.422541,3.430314,3.524047
1.92,3.422353,3.430314,3.527141
1.93,3.422164,3.430314,3.530260
1.94,3.421976,3.430314,3.533406
1.95,3.421787,3.430314,3.536577
1.96,3.421599,3.430314,3.539775
1.97,3.421410,3.430314,3.543000
1.98,3.421221,3.430314,3.546250
1.99,3.421033,3.430314,3.549527
2.00,3.508662,3.552526,3.552830
2.01,3.598048,3.674739,3.555613
2.02,3.599616,3.674739,3.558385
2.03,3.601183,3.674739,3.561148
2.04,3.602751,3.674739,3.563900
2.05,3.604319,3.674739,3.566641
2.06,3.605887,3.674739,3.569372
2.07,3.607455,3.674739,3.572093
2.08,3.609022,3.674739,3.574803
2.09,3.610590,3.674739,3.577503
2.10,3.612158,3.674739,3.580193
2.11,3.613726,3.674739,3.582872
2.12,3.615294,3.674739,3.585541
2.13,3.616861,3.674739,3.588200
2.14,3.618429,3.674739,3.590848
2.15,3.619997,3.674739,3.593486
2.16,3.621565,3.674739,3.596113
2.17,3.623132,3.674739,3.598730
2.18,3.624700,3.674739,3.601337
2.19,3.626268,3.674739,3.603933
2.20,3.627836,3.674739,3.606519
2.21,3.629404,3.674739,3.609095
2.22,3.630971,3.674739,3.611660
2.23,3.632539,3.674739,3.614215
2.24,3.634107,3.674739,3.616760
2.25,3.635675,3.674739,3.619294
2.26,3.637242,3.674739,3.621818
2.27,3.638810,3.674739,3.624331
2.28,3.640378,3.674739,3.626834
2.29,3.641946,3.674739,3.629327
2.30,3.643514,3.674739,3.631810
2.31,3.645081,3.674739,3.634282
2.32,3.646649,3.674739,3.636743
2.33,3.648217,3.674739,3.639195
2.34,3.649785,3.674739,3.641636
2.35,3.651353,3.674739,3.644066
2.36,3.652920,3.674739,3.646486
2.37,3.654488,3.674739,3.648896
2.38,3.656056,3.674739,3.651296
2.39,3.657624,3.674739,3.653685
2.40,3.659191,3.674739,3.656064
2.41,3.660759,3.674739,3.658432
2.42,3.662327,3.674739,3.660790
2.43,3.663895,3.674739,3.663138
2.44,3.665463,3.674739,3.665475
2.45,3.667030,3.674739,3.667802
2.46,3.668598,3.674739,3.670119
2.47,3.670166,3.674739,3.672425
2.48,3.671734,3.674739,3.674721
2.49,3.673301,3.674739,3.677006
2.50,3.674869,3.674739,3.679281
2.51,3.676437,3.674739,3.681546
2.52,3.678005,3.674739,3.683801
2.53,3.679573,3.674739,3.686045
2.54,3.681140,3.674739,3.688278
2.55,3.682708,3.674739,3.690502
2.56,3.684276,3.674739,3.692715
2.57,3.685844,3.674739,3.694917
2.58,3.687412,3.674739,3.697109
2.59,3.688979,3.674739,3.699291
2.60,3.690547,3.674739,3.701463
2.61,3.692115,3.674739,3.703624
2.62,3.693683,3.674739,3.705775
2.63,3.695250,3.674739,3.707915
2.64,3.696818,3.674739,3.710045
2.65,3.698386,3.674739,3.712165
2.66,3.699954,3.674739,3.714274
2.67,3.701522,3.674739,3.716373
2.68,3.703089,3.674739,3.718462
2.69,3.704657,3.674739,3.720540
2.70,3.706225,3.674739,3.722608
2.71,3.707793,3.674739,3.724665
2.72,3.709361,3.674739,3.726713
2.73,3.710928,3.674739,3.728749
2.74,3.712496,3.674739,3.730776
2.75,3.714064,3.674739,3.732792
2.76,3.715632,3.674739,3.734798
2.77,3.717199,3.674739,3.736793
2.78,3.718767,3.674739,3.738778
2.79,3.720335,3.674739,3.740753
2.80,3.721903,3.674739,3.742717
2.81,3.723471,3.674739,3.744671
2.82,3.725038,3.674739,3.746614
2.83,3.726606,3.674739,3.748547
2.84,3.728174,3.674739,3.750470
2.85,3.729742,3.674739,3.752383
2.86,3.731309,3.674739,3.754285
2.87,3.732877,3.674739,3.756176
2.88,3.734445,3.674739,3.758058
2.89,3.736013,3.674739,3.759929
2.90,3.737581,3.674739,3.761789
2.91,3.739148,3.674739,3.763640
2.92,3.740716,3.674739,3.765480
2.93,3.742284,3.674739,3.767309
2.94,3.743852,3.674739,3.769128
2.95,3.745420,3.674739,3.770937
2.96,3.746987,3.674739,3.772736
2.97,3.748555,3.674739,3.774524
2.98,3.750123,3.674739,3.776301
2.99,3.751691,3.674739,3.778069
3.00,3.753258,3.674739,3.779826
3.01,3.802395,3.987146,3.781527
3.02,3.804278,3.987146,3.783215
3.03,3.806161,3.987146,3.784909
3.04,3.808044,3.987146,3.786609
3.05,3.809927,3.987146,3.788316
3.06,3.811810,3.987146,3.790029
3.07,3.813693,3.987146,3.791748
3.08,3.815577,3.987146,3.793473
3.09,3.817460,3.987146,3.795204
3.10,3.819343,3.987146,3.796942
3.11,3.821226,3.987146,3.798686
3.12,3.823109,3.987146,3.800436
3.13,3.824992,3.987146,3.802192
3.14,3.826875,3.987146,3.803955
3.15,3.828758,3.987146,3.805724
3.16,3.830641,3.987146,3.807499
3.17,3.832524,3.987146,3.809280
3.18,3.834408,3.987146,3.811068
3.19,3.836291,3.987146,3.812861
3.20,3.838174,3.987146,3.814661
3.21,3.840057,3.987146,3.816467
3.22,3.841940,3.987146,3.818280
3.23,3.843823,3.987146,3.820098
3.24,3.845706,3.987146,3.821923
3.25,3.847589,3.987146,3.823754
3.26,3.849472,3.987146,3.825592
3.27,3.851355,3.987146,3.827435
3.28,3.853238,3.987146,3.829285
3.29,3.855122,3.987146,3.831141
3.30,3.857005,3.987146,3.833003
3.31,3.858888,3.987146,3.834872
3.32,3.860771,3.987146,3.836746
3.33,3.862654,3.987146,3.838627
3.34,3.864537,3.987146,3.840514
3.35,3.866420,3.987146,3.842408
3.36,3.868303,3.987146,3.844307
3.37,3.870186,3.987146,3.846213
3.38,3.872069,3.987146,3.848125
3.39,3.873952,3.987146,3.850043
3.40,3.875836,3.987146,3.851968
3.41,3.877719,3.987146,3.853899
3.42,3.879602,3.987146,3.855836
3.43,3.881485,3.987146,3.857779
3.44,3.883368,3.987146,3.859728
3.45,3.885251,3.987146,3.861684
3.46,3.887134,3.987146,3.863646
3.47,3.889017,3.987146,3.865614
3.48,3.890900,3.987146,3.867588
3.49,3.892783,3.987146,3.869568
3.50,3.894667,3.987146,3.871555
3.51,3.896550,3.987146,3.873548
3.52,3.898433,3.987146,3.875547
3.53,3.900316,3.987146,3.877553
3.54,3.902199,3.987146,3.879565
3.55,3.904082,3.987146,3.881582
3.56,3.905965,3.987146,3.883607
3.57,3.907848,3.987146,3.885637
3.58,3.909731,3.987146,3.887673
3.59,3.911614,3.987146,3.889716
3.60,3.913497,3.987146,3.891765
3.61,3.915381,3.987146,3.893821
3.62,3.917264,3.987146,3.895882
3.63,3.919147,3.987146,3.897950
3.64,3.921030,3.987146,3.900024
3.65,3.922913,3.987146,3.902104
3.66,3.924796,3.987146,3.904190
3.67,3.926679,3.987146,3.906283
3.68,3.928562,3.987146,3.908382
3.69,3.930445,3.987146,3.910487
3.70,3.932328,3.987146,3.912598
3.71,3.934211,3.987146,3.914715
3.72,3.936095,3.987146,3.916839
3.73,3.937978,3.987146,3.918969
3.74,3.939861,3.987146,3.921105
3.75,3.941744,3.987146,3.923248
3.76,3.943627,3.987146,3.925396
3.77,3.945510,3.987146,3.927551
3.78,3.947393,3.987146,3.929712
3.79,3.949276,3.987146,3.931880
3.80,3.951159,3.987146,3.934053
3.81,3.953042,3.987146,3.936233
3.82,3.954925,3.987146,3.938419
3.83,3.956809,3.987146,3.940611
3.84,3.958692,3.987146,3.942810
3.85,3.960575,3.987146,3.945015
3.86,3.962458,3.987146,3.947225
3.87,3.964341,3.987146,3.949443
3.88,3.966224,3.987146,3.951666
3.89,3.968107,3.987146,3.953896
3.90,3.969990,3.987146,3.956131
3.91,3.971873,3.987146,3.958373
3.92,3.973756,3.987146,3.960622
3.93,3.975640,3.987146,3.962876
3.94,3.977523,3.987146,3.965137
3.95,3.979406,3.987146,3.967404
3.96,3.981289,3.987146,3.969677
3.97,3.983172,3.987146,3.971956
3.98,3.985055,3.987146,3.974242
3.99,3.986938,3.987146,3.976534
4.00,3.988821,3.987146,3.978832
4.01,3.990704,3.987146,3.981136
4.02,3.992587,3.987146,3.983447
4.03,3.994470,3.987146,3.985764
4.04,3.996354,3.987146,3.988087
4.05,3.998237,3.987146,3.990416
4.06,4.000120,3.987146,3.992751
4.07,4.002003,3.987146,3.995093
4.08,4.003886,3.987146,3.997441
4.09,4.005769,3.987146,3.999795
4.10,4.007652,3.987146,4.002155
4.11,4.009535,3.987146,4.004522
4.12,4.011418,3.987146,4.006895
4.13,4.013301,3.987146,4.009274
4.14,4.015185,3.987146,4.011659
4.15,4.017068,3.987146,4.014051
4.16,4.018951,3.987146,4.016448
4.17,4.020834,3.987146,4.018852
4.18,4.022717,3.987146,4.021263
4.19,4.024600,3.987146,4.023679
4.20,4.026483,3.987146,4.026102
4.21,4.028366,3.987146,4.028530
4.22,4.030249,3.987146,4.030965
4.23,4.032132,3.987146,4.033407
4.24,4.034015,3.987146,4.035854
4.25,4.035899,3.987146,4.038308
4.26,4.037782,3.987146,4.040768
4.27,4.039665,3.987146,4.043234
4.28,4.041548,3.987146,4.045707
4.29,4.043431,3.987146,4.048185
4.30,4.045314,3.987146,4.050670
4.31,4.047197,3.987146,4.053161
4.32,4.049080,3.987146,4.055659
4.33,4.050963,3.987146,4.058162
4.34,4.052846,3.987146,4.060672
4.35,4.054729,3.987146,4.063188
4.36,4.056613,3.987146,4.065710
4.37,4.058496,3.987146,4.068239
4.38,4.060379,3.987146,4.070774
4.39,4.062262,3.987146,4.073315
4.40,4.064145,3.987146,4.075862
4.41,4.066028,3.987146,4.078415
4.42,4.067911,3.987146,4.080975
4.43,4.069794,3.987146,4.083541
4.44,4.071677,3.987146,4.086113
4.45,4.073560,3.987146,4.088691
4.46,4.075444,3.987146,4.091275
4.47,4.077327,3.987146,4.093866
4.48,4.079210,3.987146,4.096463
4.49,4.081093,3.987146,4.099066
4.50,4.082976,3.987146,4.101676
4.51,4.084859,3.987146,4.104291
4.52,4.086742,3.987146,4.106913
4.53,4.088625,3.987146,4.109541
4.54,4.090508,3.987146,4.112176
4.55,4.092391,3.987146,4.114816
4.56,4.094274,3.987146,4.117463
4.57,4.096158,3.987146,4.120116
4.58,4.098041,3.987146,4.122775
4.59,4.099924,3.987146,4.125441
4.60,4.101807,3.987146,4.128113
4.61,4.103690,3.987146,4.130791
4.62,4.105573,3.987146,4.133475
4.63,4.107456,3.987146,4.136165
4.64,4.109339,3.987146,4.138862
4.65,4.111222,3.987146,4.141564
4.66,4.113105,3.987146,4.144274
4.67,4.114988,3.987146,4.146989
4.68,4.116872,3.987146,4.149710
4.69,4.118755,3.987146,4.152438
4.70,4.120638,3.987146,4.155172
4.71,4.122521,3.987146,4.157912
4.72,4.124404,3.987146,4.160659
4.73,4.126287,3.987146,4.163411
4.74,4.128170,3.987146,4.166170
4.75,4.130053,3.987146,4.168935
4.76,4.131936,3.987146,4.171707
4.77,4.133819,3.987146,4.174484
4.78,4.135703,3.987146,4.177268
4.79,4.137586,3.987146,4.180058
4.80,4.139469,3.987146,4.182854
4.81,4.141352,3.987146,4.185657
4.82,4.143235,3.987146,4.188465
4.83,4.145118,3.987146,4.191280
4.84,4.147001,3.987146,4.194101
4.85,4.148884,3.987146,4.196929
4.86,4.150767,3.987146,4.199762
4.87,4.152650,3.987146,4.202602
4.88,4.154533,3.987146,4.205448
4.89,4.156417,3.987146,4.208300
4.90,4.158300,3.987146,4.211159
4.91,4.160183,3.987146,4.214024
4.92,4.162066,3.987146,4.216895
4.93,4.163949,3.987146,4.219772
4.94,4.165832,3.987146,4.222655
4.95,4.167715,3.987146,4.225545
4.96,4.169598,3.987146,4.228441
4.97,4.171481,3.987146,4.231343
4.98,4.173364,3.987146,4.234251
4.99,4.175247,3.987146,4.237166
5.00,4.177131,3.987146,4.240086
5.01,4.269538,4.489689,4.243560
5.02,4.271782,4.489689,4.247226
5.03,4.274026,4.489689,4.250874
5.04,4.276269,4.489689,4.254504
5.05,4.278513,4.489689,4.258117
5.06,4.280757,4.489689,4.261713
5.07,4.283001,4.489689,4.265290
5.08,4.285245,4.489689,4.268850
5.09,4.287489,4.489689,4.272392
5.10,4.289733,4.489689,4.275917
5.11,4.291977,4.489689,4.279424
5.12,4.294221,4.489689,4.282914
5.13,4.296465,4.489689,4.286385
5.14,4.298709,4.489689,4.289840
5.15,4.300953,4.489689,4.293276
5.16,4.303197,4.489689,4.296695
5.17,4.305441,4.489689,4.300096
5.18,4.307685,4.489689,4.303480
5.19,4.309929,4.489689,4.306846
5.20,4.312173,4.489689,4.310194
5.21,4.314417,4.489689,4.313525
5.22,4.316660,4.489689,4.316838
5.23,4.318904,4.489689,4.320134
5.24,4.321148,4.489689,4.323412
5.25,4.323392,4.489689,4.326672
5.26,4.325636,4.489689,4.329915
5.27,4.327880,4.489689,4.333140
5.28,4.330124,4.489689,4.336347
5.29,4.332368,4.489689,4.339537
5.30,4.334612,4.489689,4.342709
5.31,4.336856,4.489689,4.345863
5.32,4.339100,4.489689,4.349000
5.33,4.341344,4.489689,4.352119
5.34,4.343588,4.489689,4.355221
5.35,4.345832,4.489689,4.358305
5.36,4.348076,4.489689,4.361371
5.37,4.350320,4.489689,4.364420
5.38,4.352564,4.489689,4.367451
5.39,4.354808,4.489689,4.370465
5.40,4.357051,4.489689,4.373460
5.41,4.359295,4.489689,4.376439
5.42,4.361539,4.489689,4.379399
5.43,4.363783,4.489689,4.382342
5.44,4.366027,4.489689,4.385267
5.45,4.368271,4.489689,4.388175
5.46,4.370515,4.489689,4.391065
5.47,4.372759,4.489689,4.393938
5.48,4.375003,4.489689,4.396792
5.49,4.377247,4.489689,4.399630
5.50,4.379491,4.489689,4.402449
5.51,4.381735,4.489689,4.405251
5.52,4.383979,4.489689,4.408035
5.53,4.386223,4.489689,4.410802
5.54,4.388467,4.489689,4.413551
5.55,4.390711,4.489689,4.416282
5.56,4.392955,4.489689,4.418996
5.57,4.395199,4.489689,4.421692
5.58,4.397442,4.489689,4.424371
5.59,4.399686,4.489689,4.427032
5.60,4.401930,4.489689,4.429675
5.61,4.404174,4.489689,4.432300
5.62,4.406418,4.489689,4.434908
5.63,4.408662,4.489689,4.437499
5.64,4.410906,4.489689,4.440072
5.65,4.413150,4.489689,4.442627
5.66,4.415394,4.489689,4.445164
5.67,4.417638,4.489689,4.447684
5.68,4.419882,4.489689,4.450186
5.69,4.422126,4.489689,4.452671
5.70,4.424370,4.489689,4.455138
5.71,4.426614,4.489689,4.457587
5.72,4.428858,4.489689,4.460019
5.73,4.431102,4.489689,4.462433
5.74,4.433346,4.489689,4.464829
5.75,4.435590,4.489689,4.467208
5.76,4.437833,4.489689,4.469569
5.77,4.440077,4.489689,4.471913
5.78,4.442321,4.489689,4.474239
5.79,4.444565,4.489689,4.476547
5.80,4.446809,4.489689,4.478838
5.81,4.449053,4.489689,4.481111
5.82,4.451297,4.489689,4.483366
5.83,4.453541,4.489689,4.485604
5.84,4.455785,4.489689,4.487824
5.85,4.458029,4.489689,4.490027
5.86,4.460273,4.489689,4.492212
5.87,4.462517,4.489689,4.494379
5.88,4.464761,4.489689,4.496529
5.89,4.467005,4.489689,4.498661
5.90,4.469249,4.489689,4.500775
5.91,4.471493,4.489689,4.502872
5.92,4.473737,4.489689,4.504951
5.93,4.475981,4.489689,4.507012
5.94,4.478224,4.489689,4.509056
5.95,4.480468,4.489689,4.511082
5.96,4.482712,4.489689,4.513091
5.97,4.484956,4.489689,4.515082
5.98,4.487200,4.489689,4.517055
5.99,4.489444,4.489689,4.519011
6.00,4.491688,4.489689,4.520949
6.01,4.493932,4.489689,4.522870
6.02,4.496176,4.489689,4.524773
6.03,4.498420,4.489689,4.526658
6.04,4.500664,4.489689,4.528525
6.05,4.502908,4.489689,4.530375
6.06,4.505152,4.489689,4.532208
6.07,4.507396,4.489689,4.534022
6.08,4.509640,4.489689,4.535819
6.09,4.511884,4.489689,4.537599
6.10,4.514128,4.489689,4.539361
6.11,4.516371,4.489689,4.541105
6.12,4.518615,4.489689,4.542831
6.13,4.520859,4.489689,4.544540
6.14,4.523103,4.489689,4.546232
6.15,4.525347,4.489689,4.547905
6.16,4.527591,4.489689,4.549561
6.17,4.529835,4.489689,4.551200
6.18,4.532079,4.489689,4.552820
6.19,4.534323,4.489689,4.554424
6.20,4.536567,4.489689,4.556009
6.21,4.538811,4.489689,4.557577
6.22,4.541055,4.489689,4.559127
6.23,4.543299,4.489689,4.560660
6.24,4.545543,4.489689,4.562175
6.25,4.547787,4.489689,4.563672
6.26,4.550031,4.489689,4.565152
6.27,4.552275,4.489689,4.566614
6.28,4.554519,4.489689,4.568059
6.29,4.556762,4.489689,4.569486
6.30,4.559006,4.489689,4.570895
6.31,4.561250,4.489689,4.572286
6.32,4.563494,4.489689,4.573660
6.33,4.565738,4.489689,4.575017
6.34,4.567982,4.489689,4.576355
6.35,4.570226,4.489689,4.577676
6.36,4.572470,4.489689,4.578980
6.37,4.574714,4.489689,4.580266
6.38,4.576958,4.489689,4.581534
6.39,4.579202,4.489689,4.582785
6.40,4.581446,4.489689,4.584017
6.41,4.583690,4.489689,4.585233
6.42,4.585934,4.489689,4.586430
6.43,4.588178,4.489689,4.587611
6.44,4.590422,4.489689,4.588773
6.45,4.592666,4.489689,4.589918
6.46,4.594910,4.489689,4.591045
6.47,4.597153,4.489689,4.592154
6.48,4.599397,4.489689,4.593246
6.49,4.601641,4.489689,4.594321
6.50,4.603885,4.489689,4.595377
6.51,4.606129,4.489689,4.596416
6.52,4.608373,4.489689,4.597438
6.53,4.610617,4.489689,4.598442
6.54,4.612861,4.489689,4.599428
6.55,4.615105,4.489689,4.600396
6.56,4.617349,4.489689,4.601347
6.57,4.619593,4.489689,4.602280
6.58,4.621837,4.489689,4.603196
6.59,4.624081,4.489689,4.604094
6.60,4.626325,4.489689,4.604974
6.61,4.628569,4.489689,4.605837
6.62,4.630813,4.489689,4.606682
6.63,4.633057,4.489689,4.607510
6.64,4.635301,4.489689,4.608319
6.65,4.637544,4.489689,4.609112
6.66,4.639788,4.489689,4.609886
6.67,4.642032,4.489689,4.610643
6.68,4.644276,4.489689,4.611383
6.69,4.646520,4.489689,4.612104
6.70,4.648764,4.489689,4.612808
6.71,4.651008,4.489689,4.613495
6.72,4.653252,4.489689,4.614164
6.73,4.655496,4.489689,4.614815
6.74,4.657740,4.489689,4.615448
6.75,4.659984,4.489689,4.616064
6.76,4.662228,4.489689,4.616663
6.77,4.664472,4.489689,4.617243
6.78,4.666716,4.489689,4.617806
6.79,4.668960,4.489689,4.618352
6.80,4.671204,4.489689,4.618880
6.81,4.673448,4.489689,4.619390
6.82,4.675692,4.489689,4.619882
6.83,4.677935,4.489689,4.620357
6.84,4.680179,4.489689,4.620814
6.85,4.682423,4.489689,4.621254
6.86,4.684667,4.489689,4.621676
6.87,4.686911,4.489689,4.622081
6.88,4.689155,4.489689,4.622467
6.89,4.691399,4.489689,4.622836
6.90,4.693643,4.489689,4.623188
6.91,4.695887,4.489689,4.623522
6.92,4.698131,4.489689,4.623838
6.93,4.700375,4.489689,4.624137
6.94,4.702619,4.489689,4.624418
6.95,4.704863,4.489689,4.624681
6.96,4.707107,4.489689,4.624927
6.97,4.709351,4.489689,4.625155
6.98,4.711595,4.489689,4.625365
6.99,4.713839,4.489689,4.625558
7.00,4.716083,4.489689,4.625733
7.01,4.559368,4.821404,4.626406
7.02,4.561158,4.821404,4.627698
7.03,4.562949,4.821404,4.628990
7.04,4.564740,4.821404,4.630283
7.05,4.566531,4.821404,4.631576
7.06,4.568321,4.821404,4.632869
7.07,4.570112,4.821404,4.634163
7.08,4.571903,4.821404,4.635458
7.09,4.573693,4.821404,4.636753
7.10,4.575484,4.821404,4.638048
7.11,4.577275,4.821404,4.639344
7.12,4.579066,4.821404,4.640640
7.13,4.580856,4.821404,4.641936
7.14,4.582647,4.821404,4.643233
7.15,4.584438,4.821404,4.644531
7.16,4.586228,4.821404,4.645828
7.17,4.588019,4.821404,4.647127
7.18,4.589810,4.821404,4.648425
7.19,4.591601,4.821404,4.649724
7.20,4.593391,4.821404,4.651024
7.21,4.595182,4.821404,4.652324
7.22,4.596973,4.821404,4.653624
7.23,4.598763,4.821404,4.654925
7.24,4.600554,4.821404,4.656226
7.25,4.602345,4.821404,4.657527
7.26,4.604136,4.821404,4.658829
7.27,4.605926,4.821404,4.660132
7.28,4.607717,4.821404,4.661435
7.29,4.609508,4.821404,4.662738
7.30,4.611298,4.821404,4.664041
7.31,4.613089,4.821404,4.665346
7.32,4.614880,4.821404,4.666650
7.33,4.616671,4.821404,4.667955
7.34,4.618461,4.821404,4.669260
7.35,4.620252,4.821404,4.670566
7.36,4.622043,4.821404,4.671872
7.37,4.623834,4.821404,4.673179
7.38,4.625624,4.821404,4.674486
7.39,4.627415,4.821404,4.675794
7.40,4.629206,4.821404,4.677101
7.41,4.630996,4.821404,4.678410
7.42,4.632787,4.821404,4.679718
7.43,4.634578,4.821404,4.681028
7.44,4.636369,4.821404,4.682337
7.45,4.638159,4.821404,4.683647
7.46,4.639950,4.821404,4.684958
7.47,4.641741,4.821404,4.686268
7.48,4.643531,4.821404,4.687580
7.49,4.645322,4.821404,4.688891
7.50,4.647113,4.821404,4.690204
7.51,4.648904,4.821404,4.691516
7.52,4.650694,4.821404,4.692829
7.53,4.652485,4.821404,4.694142
7.54,4.654276,4.821404,4.695456
7.55,4.656066,4.821404,4.696770
7.56,4.657857,4.821404,4.698085
7.57,4.659648,4.821404,4.699400
7.58,4.661439,4.821404,4.700716
7.59,4.663229,4.821404,4.702031
7.60,4.665020,4.821404,4.703348
7.61,4.666811,4.821404,4.704664
7.62,4.668601,4.821404,4.705982
7.63,4.670392,4.821404,4.707299
7.64,4.672183,4.821404,4.708617
7.65,4.673974,4.821404,4.709936
7.66,4.675764,4.821404,4.711254
7.67,4.677555,4.821404,4.712574
7.68,4.679346,4.821404,4.713893
7.69,4.681136,4.821404,4.715214
7.70,4.682927,4.821404,4.716534
7.71,4.684718,4.821404,4.717855
7.72,4.686509,4.821404,4.719176
7.73,4.688299,4.821404,4.720498
7.74,4.690090,4.821404,4.721820
7.75,4.691881,4.821404,4.723143
7.76,4.693671,4.821404,4.724466
7.77,4.695462,4.821404,4.725790
7.78,4.697253,4.821404,4.727113
7.79,4.699044,4.821404,4.728438
7.80,4.700834,4.821404,4.729762
7.81,4.702625,4.821404,4.731088
7.82,4.704416,4.821404,4.732413
7.83,4.706206,4.821404,4.733739
7.84,4.707997,4.821404,4.735066
7.85,4.709788,4.821404,4.736393
7.86,4.711579,4.821404,4.737720
7.87,4.713369,4.821404,4.739047
7.88,4.715160,4.821404,4.740376
7.89,4.716951,4.821404,4.741704
7.90,4.718741,4.821404,4.743033
7.91,4.720532,4.821404,4.744362
7.92,4.722323,4.821404,4.745692
7.93,4.724114,4.821404,4.747022
7.94,4.725904,4.821404,4.748353
7.95,4.727695,4.821404,4.749684
7.96,4.729486,4.821404,4.751016
7.97,4.731276,4.821404,4.752348
7.98,4.733067,4.821404,4.753680
7.99,4.734858,4.821404,4.755013
8.00,4.736649,4.821404,4.756346
8.01,4.738439,4.821404,4.757679
8.02,4.740230,4.821404,4.759013
8.03,4.742021,4.821404,4.760348
8.04,4.743811,4.821404,4.761683
8.05,4.745602,4.821404,4.763018
8.06,4.747393,4.821404,4.764354
8.07,4.749184,4.821404,4.765690
8.08,4.750974,4.821404,4.767026
8.09,4.752765,4.821404,4.768363
8.10,4.754556,4.821404,4.769701
8.11,4.756347,4.821404,4.771038
8.12,4.758137,4.821404,4.772377
8.13,4.759928,4.821404,4.773715
8.14,4.761719,4.821404,4.775054
8.15,4.763509,4.821404,4.776394
8.16,4.765300,4.821404,4.777734
8.17,4.767091,4.821404,4.779074
8.18,4.768882,4.821404,4.780415
8.19,4.770672,4.821404,4.781756
8.20,4.772463,4.821404,4.783097
8.21,4.774254,4.821404,4.784439
8.22,4.776044,4.821404,4.785782
8.23,4.777835,4.821404,4.787125
8.24,4.779626,4.821404,4.788468
8.25,4.781417,4.821404,4.789812
8.26,4.783207,4.821404,4.791156
8.27,4.784998,4.821404,4.792500
8.28,4.786789,4.821404,4.793845
8.29,4.788579,4.821404,4.795191
8.30,4.790370,4.821404,4.796537
8.31,4.792161,4.821404,4.797883
8.32,4.793952,4.821404,4.799229
8.33,4.795742,4.821404,4.800576
8.34,4.797533,4.821404,4.801924
8.35,4.799324,4.821404,4.803272
8.36,4.801114,4.821404,4.804620
8.37,4.802905,4.821404,4.805969
8.38,4.804696,4.821404,4.807318
8.39,4.806487,4.821404,4.808668
8.40,4.808277,4.821404,4.810018
8.41,4.810068,4.821404,4.811368
8.42,4.811859,4.821404,4.812719
8.43,4.813649,4.821404,4.814070
8.44,4.815440,4.821404,4.815422
8.45,4.817231,4.821404,4.816774
8.46,4.819022,4.821404,4.818127
8.47,4.820812,4.821404,4.819480
8.48,4.822603,4.821404,4.820833
8.49,4.824394,4.821404,4.822187
8.50,4.826184,4.821404,4.823541
8.51,4.827975,4.821404,4.824896
8.52,4.829766,4.821404,4.826251
8.53,4.831557,4.821404,4.827606
8.54,4.833347,4.821404,4.828962
8.55,4.835138,4.821404,4.830318
8.56,4.836929,4.821404,4.831675
8.57,4.838719,4.821404,4.833032
8.58,4.840510,4.821404,4.834390
8.59,4.842301,4.821404,4.835748
8.60,4.844092,4.821404,4.837106
8.61,4.845882,4.821404,4.838465
8.62,4.847673,4.821404,4.839825
8.63,4.849464,4.821404,4.841184
8.64,4.851254,4.821404,4.842544
8.65,4.853045,4.821404,4.843905
8.66,4.854836,4.821404,4.845266
8.67,4.856627,4.821404,4.846627
8.68,4.858417,4.821404,4.847989
8.69,4.860208,4.821404,4.849351
8.70,4.861999,4.821404,4.850714
8.71,4.863789,4.821404,4.852077
8.72,4.865580,4.821404,4.853441
8.73,4.867371,4.821404,4.854804
8.74,4.869162,4.821404,4.856169
8.75,4.870952,4.821404,4.857534
8.76,4.872743,4.821404,4.858899
8.77,4.874534,4.821404,4.860264
8.78,4.876325,4.821404,4.861630
8.79,4.878115,4.821404,4.862997
8.80,4.879906,4.821404,4.864364
8.81,4.881697,4.821404,4.865731
8.82,4.883487,4.821404,4.867099
8.83,4.885278,4.821404,4.868467
8.84,4.887069,4.821404,4.869835
8.85,4.888860,4.821404,4.871204
8.86,4.890650,4.821404,4.872574
8.87,4.892441,4.821404,4.873943
8.88,4.894232,4.821404,4.875314
8.89,4.896022,4.821404,4.876684
8.90,4.897813,4.821404,4.878055
8.91,4.899604,4.821404,4.879427
8.92,4.901395,4.821404,4.880799
8.93,4.903185,4.821404,4.882171
8.94,4.904976,4.821404,4.883544
8.95,4.906767,4.821404,4.884917
8.96,4.908557,4.821404,4.886291
8.97,4.910348,4.821404,4.887665
8.98,4.912139,4.821404,4.889039
8.99,4.913930,4.821404,4.890414
9.00,4.915720,4.821404,4.891789
9.01,4.917511,4.821404,4.893165
9.02,4.919302,4.821404,4.894541
9.03,4.921092,4.821404,4.895918
9.04,4.922883,4.821404,4.897295
9.05,4.924674,4.821404,4.898672
9.06,4.926465,4.821404,4.900050
9.07,4.928255,4.821404,4.901428
9.08,4.930046,4.821404,4.902807
9.09,4.931837,4.821404,4.904186
9.10,4.933627,4.821404,4.905565
9.11,4.935418,4.821404,4.906945
9.12,4.937209,4.821404,4.908326
9.13,4.939000,4.821404,4.909706
9.14,4.940790,4.821404,4.911088
9.15,4.942581,4.821404,4.912469
9.16,4.944372,4.821404,4.913851
9.17,4.946162,4.821404,4.915234
9.18,4.947953,4.821404,4.916616
9.19,4.949744,4.821404,4.918000
9.20,4.951535,4.821404,4.919383
9.21,4.953325,4.821404,4.920768
9.22,4.955116,4.821404,4.922152
9.23,4.956907,4.821404,4.923537
9.24,4.958697,4.821404,4.924922
9.25,4.960488,4.821404,4.926308
9.26,4.962279,4.821404,4.927695
9.27,4.964070,4.821404,4.929081
9.28,4.965860,4.821404,4.930468
9.29,4.967651,4.821404,4.931856
9.30,4.969442,4.821404,4.933244
9.31,4.971232,4.821404,4.934632
9.32,4.973023,4.821404,4.936021
9.33,4.974814,4.821404,4.937410
9.34,4.976605,4.821404,4.938800
9.35,4.978395,4.821404,4.940190
9.36,4.980186,4.821404,4.941580
9.37,4.981977,4.821404,4.942971
9.38,4.983767,4.821404,4.944362
9.39,4.985558,4.821404,4.945754
9.40,4.987349,4.821404,4.947146
9.41,4.989140,4.821404,4.948539
9.42,4.990930,4.821404,4.949932
9.43,4.992721,4.821404,4.951325
9.44,4.994512,4.821404,4.952719
9.45,4.996303,4.821404,4.954113
9.46,4.998093,4.821404,4.955508
9.47,4.999884,4.821404,4.956903
9.48,5.001675,4.821404,4.958298
9.49,5.003465,4.821404,4.959694
9.50,5.005256,4.821404,4.961091
9.51,5.007047,4.821404,4.962487
9.52,5.008838,4.821404,4.963885
9.53,5.010628,4.821404,4.965282
9.54,5.012419,4.821404,4.966680
9.55,5.014210,4.821404,4.968079
9.56,5.016000,4.821404,4.969478
9.57,5.017791,4.821404,4.970877
9.58,5.019582,4.821404,4.972277
9.59,5.021373,4.821404,4.973677
9.60,5.023163,4.821404,4.975077
9.61,5.024954,4.821404,4.976478
9.62,5.026745,4.821404,4.977880
9.63,5.028535,4.821404,4.979281
9.64,5.030326,4.821404,4.980684
9.65,5.032117,4.821404,4.982086
9.66,5.033908,4.821404,4.983489
9.67,5.035698,4.821404,4.984893
9.68,5.037489,4.821404,4.986297
9.69,5.039280,4.821404,4.987701
9.70,5.041070,4.821404,4.989106
9.71,5.042861,4.821404,4.990511
9.72,5.044652,4.821404,4.991917
9.73,5.046443,4.821404,4.993323
9.74,5.048233,4.821404,4.994729
9.75,5.050024,4.821404,4.996136
9.76,5.051815,4.821404,4.997543
9.77,5.053605,4.821404,4.998951
9.78,5.055396,4.821404,5.000359
9.79,5.057187,4.821404,5.001768
9.80,5.058978,4.821404,5.003177
9.81,5.060768,4.821404,5.004586
9.82,5.062559,4.821404,5.005996
9.83,5.064350,4.821404,5.007406
9.84,5.066140,4.821404,5.008817
9.85,5.067931,4.821404,5.010228
9.86,5.069722,4.821404,5.011640
9.87,5.071513,4.821404,5.013051
9.88,5.073303,4.821404,5.014464
9.89,5.075094,4.821404,5.015877
9.90,5.076885,4.821404,5.017290
9.91,5.078675,4.821404,5.018703
9.92,5.080466,4.821404,5.020117
9.93,5.082257,4.821404,5.021532
9.94,5.084048,4.821404,5.022947
9.95,5.085838,4.821404,5.024362
9.96,5.087629,4.821404,5.025778
9.97,5.089420,4.821404,5.027194
9.98,5.091210,4.821404,5.028611
9.99,5.093001,4.821404,5.030028
10.00,5.094792,4.821404,5.031445
10.01,4.992523,5.717641,5.034620
10.02,4.994106,5.717641,5.039915
10.03,4.995689,5.717641,5.045195
10.04,4.997272,5.717641,5.050459
10.05,4.998855,5.717641,5.055709
10.06,5.000438,5.717641,5.060943
10.07,5.002021,5.717641,5.066162
10.08,5.003604,5.717641,5.071366
10.09,5.005187,5.717641,5.076554
10.10,5.006770,5.717641,5.081728
10.11,5.008352,5.717641,5.086886
10.12,5.009935,5.717641,5.092030
10.13,5.011518,5.717641,5.097158
10.14,5.013101,5.717641,5.102270
10.15,5.014684,5.717641,5.107368
10.16,5.016267,5.717641,5.112451
10.17,5.017850,5.717641,5.117518
10.18,5.019433,5.717641,5.122570
10.19,5.021016,5.717641,5.127607
10.20,5.022599,5.717641,5.132629
10.21,5.024181,5.717641,5.137636
10.22,5.025764,5.717641,5.142627
10.23,5.027347,5.717641,5.147603
10.24,5.028930,5.717641,5.152565
10.25,5.030513,5.717641,5.157511
10.26,5.032096,5.717641,5.162441
10.27,5.033679,5.717641,5.167357
10.28,5.035262,5.717641,5.172257
10.29,5.036845,5.717641,5.177143
10.30,5.038428,5.717641,5.182013
10.31,5.040010,5.717641,5.186868
10.32,5.041593,5.717641,5.191708
10.33,5.043176,5.717641,5.196532
10.34,5.044759,5.717641,5.201342
10.35,5.046342,5.717641,5.206136
10.36,5.047925,5.717641,5.210915
10.37,5.049508,5.717641,5.215679
10.38,5.051091,5.717641,5.220428
10.39,5.052674,5.717641,5.225162
10.40,5.054257,5.717641,5.229880
10.41,5.055839,5.717641,5.234584
10.42,5.057422,5.717641,5.239272
10.43,5.059005,5.717641,5.243945
10.44,5.060588,5.717641,5.248602
10.45,5.062171,5.717641,5.253245
10.46,5.063754,5.717641,5.257872
10.47,5.065337,5.717641,5.262485
10.48,5.066920,5.717641,5.267082
10.49,5.068503,5.717641,5.271664
10.50,5.070086,5.717641,5.276231
10.51,5.071668,5.717641,5.280782
10.52,5.073251,5.717641,5.285319
10.53,5.074834,5.717641,5.289840
10.54,5.076417,5.717641,5.294346
10.55,5.078000,5.717641,5.298837
10.56,5.079583,5.717641,5.303313
10.57,5.081166,5.717641,5.307773
10.58,5.082749,5.717641,5.312219
10.59,5.084332,5.717641,5.316649
10.60,5.085915,5.717641,5.321064
10.61,5.087497,5.717641,5.325464
10.62,5.089080,5.717641,5.329849
10.63,5.090663,5.717641,5.334219
10.64,5.092246,5.717641,5.338573
10.65,5.093829,5.717641,5.342912
10.66,5.095412,5.717641,5.347236
10.67,5.096995,5.717641,5.351545
10.68,5.098578,5.717641,5.355839
10.69,5.100161,5.717641,5.360118
10.70,5.101744,5.717641,5.364381
10.71,5.103326,5.717641,5.368629
10.72,5.104909,5.717641,5.372862
10.73,5.106492,5.717641,5.377080
10.74,5.108075,5.717641,5.381283
10.75,5.109658,5.717641,5.385471
10.76,5.111241,5.717641,5.389643
10.77,5.112824,5.717641,5.393800
10.78,5.114407,5.717641,5.397942
10.79,5.115990,5.717641,5.402069
10.80,5.117573,5.717641,5.406181
10.81,5.119155,5.717641,5.410277
10.82,5.120738,5.717641,5.414359
10.83,5.122321,5.717641,5.418425
10.84,5.123904,5.717641,5.422476
10.85,5.125487,5.717641,5.426512
10.86,5.127070,5.717641,5.430533
10.87,5.128653,5.717641,5.434538
10.88,5.130236,5.717641,5.438529
10.89,5.131819,5.717641,5.442504
10.90,5.133402,5.717641,5.446464
10.91,5.134984,5.717641,5.450409
10.92,5.136567,5.717641,5.454339
10.93,5.138150,5.717641,5.458253
10.94,5.139733,5.717641,5.462153
10.95,5.141316,5.717641,5.466037
10.96,5.142899,5.717641,5.469906
10.97,5.144482,5.717641,5.473760
10.98,5.146065,5.717641,5.477598
10.99,5.147648,5.717641,5.481422
11.00,5.149231,5.717641,5.485230
11.01,5.150813,5.717641,5.489023
11.02,5.152396,5.717641,5.492802
11.03,5.153979,5.717641,5.496564
11.04,5.155562,5.717641,5.500312
11.05,5.157145,5.717641,5.504045
11.06,5.158728,5.717641,5.507762
11.07,5.160311,5.717641,5.511464
11.08,5.161894,5.717641,5.515151
11.09,5.163477,5.717641,5.518823
11.10,5.165060,5.717641,5.522480
11.11,5.166642,5.717641,5.526121
11.12,5.168225,5.717641,5.529748
11.13,5.169808,5.717641,5.533359
11.14,5.171391,5.717641,5.536955
11.15,5.172974,5.717641,5.540536
11.16,5.174557,5.717641,5.544101
11.17,5.176140,5.717641,5.547652
11.18,5.177723,5.717641,5.551187
11.19,5.179306,5.717641,5.554707
11.20,5.180889,5.717641,5.558212
11.21,5.182471,5.717641,5.561702
11.22,5.184054,5.717641,5.565177
11.23,5.185637,5.717641,5.568636
11.24,5.187220,5.717641,5.572081
11.25,5.188803,5.717641,5.575510
11.26,5.190386,5.717641,5.578924
11.27,5.191969,5.717641,5.582323
11.28,5.193552,5.717641,5.585706
11.29,5.195135,5.717641,5.589075
11.30,5.196718,5.717641,5.592428
11.31,5.198300,5.717641,5.595766
11.32,5.199883,5.717641,5.599089
11.33,5.201466,5.717641,5.602397
11.34,5.203049,5.717641,5.605690
11.35,5.204632,5.717641,5.608967
11.36,5.206215,5.717641,5.612230
11.37,5.207798,5.717641,5.615477
11.38,5.209381,5.717641,5.618709
11.39,5.210964,5.717641,5.621926
11.40,5.212547,5.717641,5.625127
11.41,5.214129,5.717641,5.628314
11.42,5.215712,5.717641,5.631485
11.43,5.217295,5.717641,5.634641
11.44,5.218878,5.717641,5.637782
11.45,5.220461,5.717641,5.640908
11.46,5.222044,5.717641,5.644018
11.47,5.223627,5.717641,5.647114
11.48,5.225210,5.717641,5.650194
11.49,5.226793,5.717641,5.653259
11.50,5.228376,5.717641,5.656309
11.51,5.229958,5.717641,5.659344
11.52,5.231541,5.717641,5.662364
11.53,5.233124,5.717641,5.665368
11.54,5.234707,5.717641,5.668357
11.55,5.236290,5.717641,5.671332
11.56,5.237873,5.717641,5.674291
11.57,5.239456,5.717641,5.677234
11.58,5.241039,5.717641,5.680163
11.59,5.242622,5.717641,5.683076
11.60,5.244205,5.717641,5.685975
11.61,5.245787,5.717641,5.688858
11.62,5.247370,5.717641,5.691726
11.63,5.248953,5.717641,5.694578
11.64,5.250536,5.717641,5.697416
11.65,5.252119,5.717641,5.700238
11.66,5.253702,5.717641,5.703046
11.67,5.255285,5.717641,5.705838
11.68,5.256868,5.717641,5.708615
11.69,5.258451,5.717641,5.711377
11.70,5.260034,5.717641,5.714123
11.71,5.261616,5.717641,5.716855
11.72,5.263199,5.717641,5.719571
11.73,5.264782,5.717641,5.722272
11.74,5.266365,5.717641,5.724958
11.75,5.267948,5.717641,5.727629
11.76,5.269531,5.717641,5.730284
11.77,5.271114,5.717641,5.732925
11.78,5.272697,5.717641,5.735550
11.79,5.274280,5.717641,5.738160
11.80,5.275863,5.717641,5.740755
11.81,5.277445,5.717641,5.743335
11.82,5.279028,5.717641,5.745899
11.83,5.280611,5.717641,5.748449
11.84,5.282194,5.717641,5.750983
11.85,5.283777,5.717641,5.753502
11.86,5.285360,5.717641,5.756006
11.87,5.286943,5.717641,5.758494
11.88,5.288526,5.717641,5.760968
11.89,5.290109,5.717641,5.763426
11.90,5.291692,5.717641,5.765870
11.91,5.293274,5.717641,5.768298
11.92,5.294857,5.717641,5.770711
11.93,5.296440,5.717641,5.773108
11.94,5.298023,5.717641,5.775491
11.95,5.299606,5.717641,5.777858
11.96,5.301189,5.717641,5.780210
11.97,5.302772,5.717641,5.782548
11.98,5.304355,5.717641,5.784869
11.99,5.305938,5.717641,5.787176
12.00,5.307521,5.717641,5.789468
12.01,5.309103,5.717641,5.791744
12.02,5.310686,5.717641,5.794005
12.03,5.312269,5.717641,5.796251
12.04,5.313852,5.717641,5.798482
12.05,5.315435,5.717641,5.800698
12.06,5.317018,5.717641,5.802898
12.07,5.318601,5.717641,5.805084
12.08,5.320184,5.717641,5.807254
12.09,5.321767,5.717641,5.809409
12.10,5.323350,5.717641,5.811549
12.11,5.324932,5.717641,5.813674
12.12,5.326515,5.717641,5.815783
12.13,5.328098,5.717641,5.817877
12.14,5.329681,5.717641,5.819957
12.15,5.331264,5.717641,5.822021
12.16,5.332847,5.717641,5.824069
12.17,5.334430,5.717641,5.826103
12.18,5.336013,5.717641,5.828122
12.19,5.337596,5.717641,5.830125
12.20,5.339179,5.717641,5.832113
12.21,5.340761,5.717641,5.834086
12.22,5.342344,5.717641,5.836044
12.23,5.343927,5.717641,5.837987
12.24,5.345510,5.717641,5.839914
12.25,5.347093,5.717641,5.841827
12.26,5.348676,5.717641,5.843724
12.27,5.350259,5.717641,5.845606
12.28,5.351842,5.717641,5.847473
12.29,5.353425,5.717641,5.849324
12.30,5.355008,5.717641,5.851161
12.31,5.356590,5.717641,5.852982
12.32,5.358173,5.717641,5.854788
12.33,5.359756,5.717641,5.856579
12.34,5.361339,5.717641,5.858355
12.35,5.362922,5.717641,5.860116
12.36,5.364505,5.717641,5.861861
12.37,5.366088,5.717641,5.863592
12.38,5.367671,5.717641,5.865307
12.39,5.369254,5.717641,5.867007
12.40,5.370837,5.717641,5.868691
12.41,5.372419,5.717641,5.870361
12.42,5.374002,5.717641,5.872016
12.43,5.375585,5.717641,5.873655
12.44,5.377168,5.717641,5.875279
12.45,5.378751,5.717641,5.876888
12.46,5.380334,5.717641,5.878482
12.47,5.381917,5.717641,5.880060
12.48,5.383500,5.717641,5.881624
12.49,5.385083,5.717641,5.883172
12.50,5.386666,5.717641,5.884705
12.51,5.388248,5.717641,5.886223
12.52,5.389831,5.717641,5.887726
12.53,5.391414,5.717641,5.889214
12.54,5.392997,5.717641,5.890686
12.55,5.394580,5.717641,5.892143
12.56,5.396163,5.717641,5.893586
12.57,5.397746,5.717641,5.895013
12.58,5.399329,5.717641,5.896424
12.59,5.400912,5.717641,5.897821
12.60,5.402495,5.717641,5.899202
12.61,5.404077,5.717641,5.900569
12.62,5.405660,5.717641,5.901920
12.63,5.407243,5.717641,5.903256
12.64,5.408826,5.717641,5.904577
12.65,5.410409,5.717641,5.905882
12.66,5.411992,5.717641,5.907173
12.67,5.413575,5.717641,5.908448
12.68,5.415158,5.717641,5.909708
12.69,5.416741,5.717641,5.910953
12.70,5.418323,5.717641,5.912183
12.71,5.419906,5.717641,5.913397
12.72,5.421489,5.717641,5.914597
12.73,5.423072,5.717641,5.915781
12.74,5.424655,5.717641,5.916950
12.75,5.426238,5.717641,5.918104
12.76,5.427821,5.717641,5.919243
12.77,5.429404,5.717641,5.920366
12.78,5.430987,5.717641,5.921475
12.79,5.432570,5.717641,5.922568
12.80,5.434152,5.717641,5.923646
12.81,5.435735,5.717641,5.924709
12.82,5.437318,5.717641,5.925757
12.83,5.438901,5.717641,5.926789
12.84,5.440484,5.717641,5.927807
12.85,5.442067,5.717641,5.928809
12.86,5.443650,5.717641,5.929796
12.87,5.445233,5.717641,5.930768
12.88,5.446816,5.717641,5.931725
12.89,5.448399,5.717641,5.932666
12.90,5.449982,5.717641,5.933593
12.91,5.451564,5.717641,5.934504
12.92,5.453147,5.717641,5.935400
12.93,5.454730,5.717641,5.936281
12.94,5.456313,5.717641,5.937147
12.95,5.457896,5.717641,5.937997
12.96,5.459479,5.717641,5.938832
12.97,5.461062,5.717641,5.939653
12.98,5.462645,5.717641,5.940458
12.99,5.464228,5.717641,5.941248
13.00,5.465811,5.717641,5.942022
13.01,5.467393,5.717641,5.942782
13.02,5.468976,5.717641,5.943526
13.03,5.470559,5.717641,5.944256
13.04,5.472142,5.717641,5.944970
13.05,5.473725,5.717641,5.945668
13.06,5.475308,5.717641,5.946352
13.07,5.476891,5.717641,5.947021
13.08,5.478474,5.717641,5.947674
13.09,5.480057,5.717641,5.948312
13.10,5.481640,5.717641,5.948935
13.11,5.483222,5.717641,5.949543
13.12,5.484805,5.717641,5.950136
13.13,5.486388,5.717641,5.950713
13.14,5.487971,5.717641,5.951276
13.15,5.489554,5.717641,5.951823
13.16,5.491137,5.717641,5.952355
13.17,5.492720,5.717641,5.952872
13.18,5.494303,5.717641,5.953374
13.19,5.495886,5.717641,5.953860
13.20,5.497468,5.717641,5.954331
13.21,5.499051,5.717641,5.954788
13.22,5.500634,5.717641,5.955229
13.23,5.502217,5.717641,5.955654
13.24,5.503800,5.717641,5.956065
13.25,5.505383,5.717641,5.956461
13.26,5.506966,5.717641,5.956841
13.27,5.508549,5.717641,5.957206
13.28,5.510132,5.717641,5.957556
13.29,5.511715,5.717641,5.957891
13.30,5.513297,5.717641,5.958211
13.31,5.514880,5.717641,5.958515
13.32,5.516463,5.717641,5.958805
13.33,5.518046,5.717641,5.959079
13.34,5.519629,5.717641,5.959338
13.35,5.521212,5.717641,5.959581
13.36,5.522795,5.717641,5.959810
13.37,5.524378,5.717641,5.960024
13.38,5.525961,5.717641,5.960222
13.39,5.527544,5.717641,5.960405
13.40,5.529126,5.717641,5.960573
13.41,5.530709,5.717641,5.960726
13.42,5.532292,5.717641,5.960864
13.43,5.533875,5.717641,5.960986
13.44,5.535458,5.717641,5.961093
13.45,5.537041,5.717641,5.961186
13.46,5.538624,5.717641,5.961263
13.47,5.540207,5.717641,5.961324
13.48,5.541790,5.717641,5.961371
13.49,5.543373,5.717641,5.961402
13.50,5.544955,5.717641,5.961419
13.51,5.546538,5.717641,5.961421
13.52,5.548121,5.717641,5.961418
13.53,5.549704,5.717641,5.961413
13.54,5.551287,5.717641,5.961404
13.55,5.552870,5.717641,5.961393
13.56,5.554453,5.717641,5.961379
13.57,5.556036,5.717641,5.961362
13.58,5.557619,5.717641,5.961342
13.59,5.559202,5.717641,5.961319
13.60,5.560784,5.717641,5.961293
13.61,5.562367,5.717641,5.961264
13.62,5.563950,5.717641,5.961233
13.63,5.565533,5.717641,5.961199
13.64,5.567116,5.717641,5.961161
13.65,5.568699,5.717641,5.961121
13.66,5.570282,5.717641,5.961078
13.67,5.571865,5.717641,5.961032
13.68,5.573448,5.717641,5.960983
13.69,5.575031,5.717641,5.960931
13.70,5.576613,5.717641,5.960877
13.71,5.578196,5.717641,5.960819
13.72,5.579779,5.717641,5.960759
13.73,5.581362,5.717641,5.960696
13.74,5.582945,5.717641,5.960630
13.75,5.584528,5.717641,5.960561
13.76,5.586111,5.717641,5.960489
13.77,5.587694,5.717641,5.960414
13.78,5.589277,5.717641,5.960336
13.79,5.590860,5.717641,5.960256
13.80,5.592442,5.717641,5.960172
13.81,5.594025,5.717641,5.960086
13.82,5.595608,5.717641,5.959997
13.83,5.597191,5.717641,5.959904
13.84,5.598774,5.717641,5.959809
13.85,5.600357,5.717641,5.959712
13.86,5.601940,5.717641,5.959611
13.87,5.603523,5.717641,5.959507
13.88,5.605106,5.717641,5.959401
13.89,5.606689,5.717641,5.959291
13.90,5.608271,5.717641,5.959179
13.91,5.609854,5.717641,5.959064
13.92,5.611437,5.717641,5.958945
13.93,5.613020,5.717641,5.958825
13.94,5.614603,5.717641,5.958701
13.95,5.616186,5.717641,5.958574
13.96,5.617769,5.717641,5.958444
13.97,5.619352,5.717641,5.958312
13.98,5.620935,5.717641,5.958176
13.99,5.622518,5.717641,5.958038
14.00,5.624100,5.717641,5.957897
14.01,5.625683,5.717641,5.957753
14.02,5.627266,5.717641,5.957606
14.03,5.628849,5.717641,5.957456
14.04,5.630432,5.717641,5.957303
14.05,5.632015,5.717641,5.957148
14.06,5.633598,5.717641,5.956989
14.07,5.635181,5.717641,5.956828
14.08,5.636764,5.717641,5.956664
14.09,5.638347,5.717641,5.956497
14.10,5.639929,5.717641,5.956327
14.11,5.641512,5.717641,5.956154
14.12,5.643095,5.717641,5.955978
14.13,5.644678,5.717641,5.955799
14.14,5.646261,5.717641,5.955618
14.15,5.647844,5.717641,5.955433
14.16,5.649427,5.717641,5.955246
14.17,5.651010,5.717641,5.955056
14.18,5.652593,5.717641,5.954862
14.19,5.654176,5.717641,5.954666
14.20,5.655758,5.717641,5.954468
14.21,5.657341,5.717641,5.954266
14.22,5.658924,5.717641,5.954061
14.23,5.660507,5.717641,5.953854
14.24,5.662090,5.717641,5.953643
14.25,5.663673,5.717641,5.953430
14.26,5.665256,5.717641,5.953214
14.27,5.666839,5.717641,5.952995
14.28,5.668422,5.717641,5.952773
14.29,5.670005,5.717641,5.952548
14.30,5.671587,5.717641,5.952320
14.31,5.673170,5.717641,5.952089
14.32,5.674753,5.717641,5.951856
14.33,5.676336,5.717641,5.951620
14.34,5.677919,5.717641,5.951380
14.35,5.679502,5.717641,5.951138
14.36,5.681085,5.717641,5.950893
14.37,5.682668,5.717641,5.950645
14.38,5.684251,5.717641,5.950394
14.39,5.685834,5.717641,5.950141
14.40,5.687416,5.717641,5.949884
14.41,5.688999,5.717641,5.949625
14.42,5.690582,5.717641,5.949362
14.43,5.692165,5.717641,5.949097
14.44,5.693748,5.717641,5.948829
14.45,5.695331,5.717641,5.948558
14.46,5.696914,5.717641,5.948284
14.47,5.698497,5.717641,5.948007
14.48,5.700080,5.717641,5.947728
14.49,5.701663,5.717641,5.947445
14.50,5.703245,5.717641,5.947160
14.51,5.704828,5.717641,5.946871
14.52,5.706411,5.717641,5.946580
14.53,5.707994,5.717641,5.946286
14.54,5.709577,5.717641,5.945989
14.55,5.711160,5.717641,5.945689
14.56,5.712743,5.717641,5.945386
14.57,5.714326,5.717641,5.945081
14.58,5.715909,5.717641,5.944772
14.59,5.717492,5.717641,5.944461
14.60,5.719074,5.717641,5.944146
14.61,5.720657,5.717641,5.943829
14.62,5.722240,5.717641,5.943509
14.63,5.723823,5.717641,5.943186
14.64,5.725406,5.717641,5.942860
14.65,5.726989,5.717641,5.942532
14.66,5.728572,5.717641,5.942200
14.67,5.730155,5.717641,5.941866
14.68,5.731738,5.717641,5.941528
14.69,5.733321,5.717641,5.941188
14.70,5.734903,5.717641,5.940845
14.71,5.736486,5.717641,5.940499
14.72,5.738069,5.717641,5.940150
14.73,5.739652,5.717641,5.939798
14.74,5.741235,5.717641,5.939443
14.75,5.742818,5.717641,5.939086
14.76,5.744401,5.717641,5.938725
14.77,5.745984,5.717641,5.938362
14.78,5.747567,5.717641,5.937996
14.79,5.749150,5.717641,5.937627
14.80,5.750732,5.717641,5.937255
14.81,5.752315,5.717641,5.936880
14.82,5.753898,5.717641,5.936502
14.83,5.755481,5.717641,5.936121
14.84,5.757064,5.717641,5.935738
14.85,5.758647,5.717641,5.935351
14.86,5.760230,5.717641,5.934962
14.87,5.761813,5.717641,5.934570
14.88,5.763396,5.717641,5.934175
14.89,5.764979,5.717641,5.933777
14.90,5.766561,5.717641,5.933376
14.91,5.768144,5.717641,5.932972
14.92,5.769727,5.717641,5.932565
14.93,5.771310,5.717641,5.932156
14.94,5.772893,5.717641,5.931744
14.95,5.774476,5.717641,5.931328
14.96,5.776059,5.717641,5.930910
14.97,5.777642,5.717641,5.930489
14.98,5.779225,5.717641,5.930065
14.99,5.780808,5.717641,5.929638
15.00,5.782390,5.717641,5.929209
15.01,5.783973,5.717641,5.928776
15.02,5.785556,5.717641,5.928340
15.03,5.787139,5.717641,5.927902
15.04,5.788722,5.717641,5.927461
15.05,5.790305,5.717641,5.927017
15.06,5.791888,5.717641,5.926570
15.07,5.793471,5.717641,5.926120
15.08,5.795054,5.717641,5.925667
15.09,5.796637,5.717641,5.925211
15.10,5.798219,5.717641,5.924753
15.11,5.799802,5.717641,5.924291
15.12,5.801385,5.717641,5.923827
15.13,5.802968,5.717641,5.923360
15.14,5.804551,5.717641,5.922890
15.15,5.806134,5.717641,5.922417
15.16,5.807717,5.717641,5.921941
15.17,5.809300,5.717641,5.921462
15.18,5.810883,5.717641,5.920980
15.19,5.812466,5.717641,5.920496
15.20,5.814048,5.717641,5.920008
15.21,5.815631,5.717641,5.919518
15.22,5.817214,5.717641,5.919025
15.23,5.818797,5.717641,5.918529
15.24,5.820380,5.717641,5.918030
15.25,5.821963,5.717641,5.917528
15.26,5.823546,5.717641,5.917023
15.27,5.825129,5.717641,5.916516
15.28,5.826712,5.717641,5.916005
15.29,5.828295,5.717641,5.915492
15.30,5.829877,5.717641,5.914975
15.31,5.831460,5.717641,5.914456
15.32,5.833043,5.717641,5.913934
15.33,5.834626,5.717641,5.913409
15.34,5.836209,5.717641,5.912881
15.35,5.837792,5.717641,5.912351
15.36,5.839375,5.717641,5.911817
15.37,5.840958,5.717641,5.911281
15.38,5.842541,5.717641,5.910741
15.39,5.844124,5.717641,5.910199
15.40,5.845706,5.717641,5.909654
15.41,5.847289,5.717641,5.909106
15.42,5.848872,5.717641,5.908555
15.43,5.850455,5.717641,5.908001
15.44,5.852038,5.717641,5.907445
15.45,5.853621,5.717641,5.906885
15.46,5.855204,5.717641,5.906323
15.47,5.856787,5.717641,5.905757
15.48,5.858370,5.717641,5.905189
15.49,5.859953,5.717641,5.904618
15.50,5.861535,5.717641,5.904044
15.51,5.863118,5.717641,5.903467
15.52,5.864701,5.717641,5.902887
15.53,5.866284,5.717641,5.902305
15.54,5.867867,5.717641,5.901719
15.55,5.869450,5.717641,5.901131
15.56,5.871033,5.717641,5.900539
15.57,5.872616,5.717641,5.899945
15.58,5.874199,5.717641,5.899348
15.59,5.875782,5.717641,5.898748
15.60,5.877364,5.717641,5.898145
15.61,5.878947,5.717641,5.897540
15.62,5.880530,5.717641,5.896931
15.63,5.882113,5.717641,5.896320
15.64,5.883696,5.717641,5.895705
15.65,5.885279,5.717641,5.895088
15.66,5.886862,5.717641,5.894468
15.67,5.888445,5.717641,5.893845
15.68,5.890028,5.717641,5.893219
15.69,5.891611,5.717641,5.892590
15.70,5.893193,5.717641,5.891958
15.71,5.894776,5.717641,5.891324
15.72,5.896359,5.717641,5.890686
15.73,5.897942,5.717641,5.890046
15.74,5.899525,5.717641,5.889403
15.75,5.901108,5.717641,5.888757
15.76,5.902691,5.717641,5.888108
15.77,5.904274,5.717641,5.887456
15.78,5.905857,5.717641,5.886801
15.79,5.907440,5.717641,5.886143
15.80,5.909022,5.717641,5.885483
15.81,5.910605,5.717641,5.884819
15.82,5.912188,5.717641,5.884153
15.83,5.913771,5.717641,5.883484
15.84,5.915354,5.717641,5.882812
15.85,5.916937,5.717641,5.882137
15.86,5.918520,5.717641,5.881459
15.87,5.920103,5.717641,5.880778
15.88,5.921686,5.717641,5.880094
15.89,5.923269,5.717641,5.879408
15.90,5.924851,5.717641,5.878719
15.91,5.926434,5.717641,5.878026
15.92,5.928017,5.717641,5.877331
15.93,5.929600,5.717641,5.876633
15.94,5.931183,5.717641,5.875932
15.95,5.932766,5.717641,5.875228
15.96,5.934349,5.717641,5.874522
15.97,5.935932,5.717641,5.873812
15.98,5.937515,5.717641,5.873099
15.99,5.939098,5.717641,5.872384
16.00,5.940680,5.717641,5.871666
16.01,5.942263,5.717641,5.870945
16.02,5.943846,5.717641,5.870221
16.03,5.945429,5.717641,5.869494
16.04,5.947012,5.717641,5.868764
16.05,5.948595,5.717641,5.868031
16.06,5.950178,5.717641,5.867296
16.07,5.951761,5.717641,5.866557
16.08,5.953344,5.717641,5.865816
16.09,5.954927,5.717641,5.865072
16.10,5.956509,5.717641,5.864325
16.11,5.958092,5.717641,5.863575
16.12,5.959675,5.717641,5.862822
16.13,5.961258,5.717641,5.862066
16.14,5.962841,5.717641,5.861307
16.15,5.964424,5.717641,5.860546
16.16,5.966007,5.717641,5.859781
16.17,5.967590,5.717641,5.859014
16.18,5.969173,5.717641,5.858244
16.19,5.970756,5.717641,5.857471
16.20,5.972338,5.717641,5.856695
16.21,5.973921,5.717641,5.855916
16.22,5.975504,5.717641,5.855134
16.23,5.977087,5.717641,5.854350
16.24,5.978670,5.717641,5.853562
16.25,5.980253,5.717641,5.852772
16.26,5.981836,5.717641,5.851978
16.27,5.983419,5.717641,5.851182
16.28,5.985002,5.717641,5.850383
16.29,5.986585,5.717641,5.849581
16.30,5.988167,5.717641,5.848776
16.31,5.989750,5.717641,5.847969
16.32,5.991333,5.717641,5.847158
16.33,5.992916,5.717641,5.846345
16.34,5.994499,5.717641,5.845528
16.35,5.996082,5.717641,5.844709
16.36,5.997665,5.717641,5.843887
16.37,5.999248,5.717641,5.843062
16.38,6.000831,5.717641,5.842234
16.39,6.002414,5.717641,5.841403
16.40,6.003996,5.717641,5.840570
16.41,6.005579,5.717641,5.839733
16.42,6.007162,5.717641,5.838894
16.43,6.008745,5.717641,5.838051
16.44,6.010328,5.717641,5.837206
16.45,6.011911,5.717641,5.836358
16.46,6.013494,5.717641,5.835507
16.47,6.015077,5.717641,5.834653
16.48,6.016660,5.717641,5.833796
16.49,6.018243,5.717641,5.832937
16.50,6.019825,5.717641,5.832074
16.51,6.021408,5.717641,5.831209
16.52,6.022991,5.717641,5.830340
16.53,6.024574,5.717641,5.829469
16.54,6.026157,5.717641,5.828595
16.55,6.027740,5.717641,5.827718
16.56,6.029323,5.717641,5.826838
16.57,6.030906,5.717641,5.825956
16.58,6.032489,5.717641,5.825070
16.59,6.034072,5.717641,5.824182
16.60,6.035654,5.717641,5.823290
16.61,6.037237,5.717641,5.822396
16.62,6.038820,5.717641,5.821499
16.63,6.040403,5.717641,5.820599
16.64,6.041986,5.717641,5.819696
16.65,6.043569,5.717641,5.818790
16.66,6.045152,5.717641,5.817881
16.67,6.046735,5.717641,5.816970
16.68,6.048318,5.717641,5.816055
16.69,6.049901,5.717641,5.815138
16.70,6.051483,5.717641,5.814218
16.71,6.053066,5.717641,5.813294
16.72,6.054649,5.717641,5.812368
16.73,6.056232,5.717641,5.811440
16.74,6.057815,5.717641,5.810508
16.75,6.059398,5.717641,5.809573
16.76,6.060981,5.717641,5.808636
16.77,6.062564,5.717641,5.807695
16.78,6.064147,5.717641,5.806752
16.79,6.065730,5.717641,5.805806
16.80,6.067312,5.717641,5.804857
16.81,6.068895,5.717641,5.803905
16.82,6.070478,5.717641,5.802950
16.83,6.072061,5.717641,5.801992
16.84,6.073644,5.717641,5.801031
16.85,6.075227,5.717641,5.800068
16.86,6.076810,5.717641,5.799101
16.87,6.078393,5.717641,5.798132
16.88,6.079976,5.717641,5.797160
16.89,6.081559,5.717641,5.796185
16.90,6.083141,5.717641,5.795207
16.91,6.084724,5.717641,5.794226
16.92,6.086307,5.717641,5.793242
16.93,6.087890,5.717641,5.792256
16.94,6.089473,5.717641,5.791266
16.95,6.091056,5.717641,5.790274
16.96,6.092639,5.717641,5.789279
16.97,6.094222,5.717641,5.788281
16.98,6.095805,5.717641,5.787280
16.99,6.097388,5.717641,5.786276
17.00,6.098970,5.717641,5.785269
17.01,6.100553,5.717641,5.784259
17.02,6.102136,5.717641,5.783247
17.03,6.103719,5.717641,5.782231
17.04,6.105302,5.717641,5.781213
17.05,6.106885,5.717641,5.780192
17.06,6.108468,5.717641,5.779167
17.07,6.110051,5.717641,5.778140
17.08,6.111634,5.717641,5.777111
17.09,6.113217,5.717641,5.776078
17.10,6.114799,5.717641,5.775042
17.11,6.116382,5.717641,5.774004
17.12,6.117965,5.717641,5.772962
17.13,6.119548,5.717641,5.771918
17.14,6.121131,5.717641,5.770871
17.15,6.122714,5.717641,5.769821
17.16,6.124297,5.717641,5.768768
17.17,6.125880,5.717641,5.767712
17.18,6.127463,5.717641,5.766653
17.19,6.129046,5.717641,5.765591
17.20,6.130628,5.717641,5.764527
17.21,6.132211,5.717641,5.763459
17.22,6.133794,5.717641,5.762389
17.23,6.135377,5.717641,5.761316
17.24,6.136960,5.717641,5.760240
17.25,6.138543,5.717641,5.759161
17.26,6.140126,5.717641,5.758079
17.27,6.141709,5.717641,5.756995
17.28,6.143292,5.717641,5.755907
17.29,6.144875,5.717641,5.754816
17.30,6.146457,5.717641,5.753723
17.31,6.148040,5.717641,5.752627
17.32,6.149623,5.717641,5.751528
17.33,6.151206,5.717641,5.750426
17.34,6.152789,5.717641,5.749321
17.35,6.154372,5.717641,5.748213
17.36,6.155955,5.717641,5.747102
17.37,6.157538,5.717641,5.745989
17.38,6.159121,5.717641,5.744872
17.39,6.160704,5.717641,5.743753
17.40,6.162286,5.717641,5.742631
17.41,6.163869,5.717641,5.741506
17.42,6.165452,5.717641,5.740378
17.43,6.167035,5.717641,5.739247
17.44,6.168618,5.717641,5.738113
17.45,6.170201,5.717641,5.736976
17.46,6.171784,5.717641,5.735837
17.47,6.173367,5.717641,5.734694
17.48,6.174950,5.717641,5.733549
17.49,6.176533,5.717641,5.732401
17.50,6.178115,5.717641,5.731250
17.51,6.179698,5.717641,5.730096
17.52,6.181281,5.717641,5.728939
17.53,6.182864,5.717641,5.727779
17.54,6.184447,5.717641,5.726617
17.55,6.186030,5.717641,5.725451
17.56,6.187613,5.717641,5.724283
17.57,6.189196,5.717641,5.723112
17.58,6.190779,5.717641,5.721938
17.59,6.192362,5.717641,5.720760
17.60,6.193944,5.717641,5.719581
17.61,6.195527,5.717641,5.718398
17.62,6.197110,5.717641,5.717212
17.63,6.198693,5.717641,5.716023
17.64,6.200276,5.717641,5.714832
17.65,6.201859,5.717641,5.713638
17.66,6.203442,5.717641,5.712440
17.67,6.205025,5.717641,5.711240
17.68,6.206608,5.717641,5.710037
17.69,6.208190,5.717641,5.708831
17.70,6.209773,5.717641,5.707623
17.71,6.211356,5.717641,5.706411
17.72,6.212939,5.717641,5.705196
17.73,6.214522,5.717641,5.703979
17.74,6.216105,5.717641,5.702759
17.75,6.217688,5.717641,5.701535
17.76,6.219271,5.717641,5.700309
17.77,6.220854,5.717641,5.699080
17.78,6.222437,5.717641,5.697848
17.79,6.224020,5.717641,5.696614
17.80,6.225602,5.717641,5.695376
17.81,6.227185,5.717641,5.694136
17.82,6.228768,5.717641,5.692892
17.83,6.230351,5.717641,5.691646
17.84,6.231934,5.717641,5.690397
17.85,6.233517,5.717641,5.689145
17.86,6.235100,5.717641,5.687890
17.87,6.236683,5.717641,5.686632
17.88,6.238266,5.717641,5.685371
17.89,6.239848,5.717641,5.684108
17.90,6.241431,5.717641,5.682841
17.91,6.243014,5.717641,5.681572
17.92,6.244597,5.717641,5.680299
17.93,6.246180,5.717641,5.679024
17.94,6.247763,5.717641,5.677746
17.95,6.249346,5.717641,5.676465
17.96,6.250929,5.717641,5.675182
17.97,6.252512,5.717641,5.673895
17.98,6.254095,5.717641,5.672605
17.99,6.255678,5.717641,5.671313
18.00,6.257260,5.717641,5.670018
18.01,6.258843,5.717641,5.668719
18.02,6.260426,5.717641,5.667418
18.03,6.262009,5.717641,5.666114
18.04,6.263592,5.717641,5.664807
18.05,6.265175,5.717641,5.663498
18.06,6.266758,5.717641,5.662185
18.07,6.268341,5.717641,5.660869
18.08,6.269924,5.717641,5.659551
18.09,6.271507,5.717641,5.658230
18.10,6.273089,5.717641,5.656905
18.11,6.274672,5.717641,5.655578
18.12,6.276255,5.717641,5.654248
18.13,6.277838,5.717641,5.652915
18.14,6.279421,5.717641,5.651580
18.15,6.281004,5.717641,5.650241
18.16,6.282587,5.717641,5.648900
18.17,6.284170,5.717641,5.647555
18.18,6.285753,5.717641,5.646208
18.19,6.287335,5.717641,5.644858
18.20,6.288918,5.717641,5.643505
18.21,6.290501,5.717641,5.642149
18.22,6.292084,5.717641,5.640790
18.23,6.293667,5.717641,5.639428
18.24,6.295250,5.717641,5.638064
18.25,6.296833,5.717641,5.636696
18.26,6.298416,5.717641,5.635326
18.27,6.299999,5.717641,5.633953
18.28,6.301582,5.717641,5.632576
18.29,6.303165,5.717641,5.631197
18.30,6.304747,5.717641,5.629816
18.31,6.306330,5.717641,5.628431
18.32,6.307913,5.717641,5.627043
18.33,6.309496,5.717641,5.625653
18.34,6.311079,5.717641,5.624259
18.35,6.312662,5.717641,5.622863
18.36,6.314245,5.717641,5.621464
18.37,6.315828,5.717641,5.620061
18.38,6.317411,5.717641,5.618656
18.39,6.318993,5.717641,5.617249
18.40,6.320576,5.717641,5.615838
18.41,6.322159,5.717641,5.614424
18.42,6.323742,5.717641,5.613008
18.43,6.325325,5.717641,5.611588
18.44,6.326908,5.717641,5.610166
18.45,6.328491,5.717641,5.608741
18.46,6.330074,5.717641,5.607313
18.47,6.331657,5.717641,5.605882
18.48,6.333240,5.717641,5.604448
18.49,6.334822,5.717641,5.603011
18.50,6.336405,5.717641,5.601571
18.51,6.337988,5.717641,5.600129
18.52,6.339571,5.717641,5.598684
18.53,6.341154,5.717641,5.597235
18.54,6.342737,5.717641,5.595784
18.55,6.344320,5.717641,5.594330
18.56,6.345903,5.717641,5.592873
18.57,6.347486,5.717641,5.591413
18.58,6.349069,5.717641,5.589951
18.59,6.350651,5.717641,5.588485
18.60,6.352234,5.717641,5.587017
18.61,6.353817,5.717641,5.585545
18.62,6.355400,5.717641,5.584071
18.63,6.356983,5.717641,5.582594
18.64,6.358566,5.717641,5.581114
18.65,6.360149,5.717641,5.579631
18.66,6.361732,5.717641,5.578145
18.67,6.363315,5.717641,5.576657
18.68,6.364898,5.717641,5.575165
18.69,6.366480,5.717641,5.573671
18.70,6.368063,5.717641,5.572173
18.71,6.369646,5.717641,5.570673
18.72,6.371229,5.717641,5.569170
18.73,6.372812,5.717641,5.567664
18.74,6.374395,5.717641,5.566155
18.75,6.375978,5.717641,5.564643
18.76,6.377561,5.717641,5.563129
18.77,6.379144,5.717641,5.561611
18.78,6.380727,5.717641,5.560091
18.79,6.382309,5.717641,5.558568
18.80,6.383892,5.717641,5.557041
18.81,6.385475,5.717641,5.555512
18.82,6.387058,5.717641,5.553980
18.83,6.388641,5.717641,5.552446
18.84,6.390224,5.717641,5.550908
18.85,6.391807,5.717641,5.549367
18.86,6.393390,5.717641,5.547824
18.87,6.394973,5.717641,5.546277
18.88,6.396556,5.717641,5.544728
18.89,6.398138,5.717641,5.543176
18.90,6.399721,5.717641,5.541621
18.91,6.401304,5.717641,5.540063
18.92,6.402887,5.717641,5.538502
18.93,6.404470,5.717641,5.536939
18.94,6.406053,5.717641,5.535372
18.95,6.407636,5.717641,5.533802
18.96,6.409219,5.717641,5.532230
18.97,6.410802,5.717641,5.530655
18.98,6.412385,5.717641,5.529077
18.99,6.413967,5.717641,5.527496
19.00,6.415550,5.717641,5.525912
19.01,6.417133,5.717641,5.524325
19.02,6.418716,5.717641,5.522735
19.03,6.420299,5.717641,5.521143
19.04,6.421882,5.717641,5.519548
19.05,6.423465,5.717641,5.517949
19.06,6.425048,5.717641,5.516348
19.07,6.426631,5.717641,5.514744
19.08,6.428214,5.717641,5.513137
19.09,6.429796,5.717641,5.511527
19.10,6.431379,5.717641,5.509914
19.11,6.432962,5.717641,5.508299
19.12,6.434545,5.717641,5.506680
19.13,6.436128,5.717641,5.505059
19.14,6.437711,5.717641,5.503435
19.15,6.439294,5.717641,5.501807
19.16,6.440877,5.717641,5.500177
19.17,6.442460,5.717641,5.498544
19.18,6.444043,5.717641,5.496909
19.19,6.445625,5.717641,5.495270
19.20,6.447208,5.717641,5.493628
19.21,6.448791,5.717641,5.491984
19.22,6.450374,5.717641,5.490336
19.23,6.451957,5.717641,5.488686
19.24,6.453540,5.717641,5.487033
19.25,6.455123,5.717641,5.485377
19.26,6.456706,5.717641,5.483718
19.27,6.458289,5.717641,5.482056
19.28,6.459872,5.717641,5.480392
19.29,6.461454,5.717641,5.478724
19.30,6.463037,5.717641,5.477054
19.31,6.464620,5.717641,5.475380
19.32,6.466203,5.717641,5.473704
19.33,6.467786,5.717641,5.472025
19.34,6.469369,5.717641,5.470343
19.35,6.470952,5.717641,5.468658
19.36,6.472535,5.717641,5.466970
19.37,6.474118,5.717641,5.465280
19.38,6.475701,5.717641,5.463586
19.39,6.477283,5.717641,5.461890
19.40,6.478866,5.717641,5.460190
19.41,6.480449,5.717641,5.458488
19.42,6.482032,5.717641,5.456783
19.43,6.483615,5.717641,5.455075
19.44,6.485198,5.717641,5.453364
19.45,6.486781,5.717641,5.451651
19.46,6.488364,5.717641,5.449934
19.47,6.489947,5.717641,5.448215
19.48,6.491530,5.717641,5.446492
19.49,6.493112,5.717641,5.444767
19.50,6.494695,5.717641,5.443039
19.51,6.496278,5.717641,5.441308
19.52,6.497861,5.717641,5.439574
19.53,6.499444,5.717641,5.437837
19.54,6.501027,5.717641,5.436097
19.55,6.502610,5.717641,5.434355
19.56,6.504193,5.717641,5.432609
19.57,6.505776,5.717641,5.430861
19.58,6.507359,5.717641,5.429110
19.59,6.508941,5.717641,5.427355
19.60,6.510524,5.717641,5.425598
19.61,6.512107,5.717641,5.423839
19.62,6.513690,5.717641,5.422076
19.63,6.515273,5.717641,5.420310
19.64,6.516856,5.717641,5.418542
19.65,6.518439,5.717641,5.416770
19.66,6.520022,5.717641,5.414996
19.67,6.521605,5.717641,5.413219
19.68,6.523188,5.717641,5.411439
19.69,6.524770,5.717641,5.409656
19.70,6.526353,5.717641,5.407870
19.71,6.527936,5.717641,5.406081
19.72,6.529519,5.717641,5.404289
19.73,6.531102,5.717641,5.402495
19.74,6.532685,5.717641,5.400697
19.75,6.534268,5.717641,5.398897
19.76,6.535851,5.717641,5.397094
19.77,6.537434,5.717641,5.395288
19.78,6.539017,5.717641,5.393479
19.79,6.540599,5.717641,5.391667
19.80,6.542182,5.717641,5.389852
19.81,6.543765,5.717641,5.388035
19.82,6.545348,5.717641,5.386214
19.83,6.546931,5.717641,5.384391
19.84,6.548514,5.717641,5.382565
19.85,6.550097,5.717641,5.380735
19.86,6.551680,5.717641,5.378903
19.87,6.553263,5.717641,5.377069
19.88,6.554846,5.717641,5.375231
19.89,6.556428,5.717641,5.373390
19.90,6.558011,5.717641,5.371546
19.91,6.559594,5.717641,5.369700
19.92,6.561177,5.717641,5.367851
19.93,6.562760,5.717641,5.365998
19.94,6.564343,5.717641,5.364143
19.95,6.565926,5.717641,5.362285
19.96,6.567509,5.717641,5.360424
19.97,6.569092,5.717641,5.358561
19.98,6.570675,5.717641,5.356694
19.99,6.572257,5.717641,5.354824
20.00,6.573840,5.717641,5.352952
20.01,6.575423,5.717641,5.351077
20.02,5.000920,5.002527,5.349683
20.03,5.000929,5.002527,5.348575
20.04,5.000938,5.002527,5.347467
20.05,5.000947,5.002527,5.346361
20.06,5.000956,5.002527,5.345255
20.07,5.000964,5.002527,5.344151
20.08,5.000973,5.002527,5.343048
20.09,5.000982,5.002527,5.341946
20.10,5.000991,5.002527,5.340845
20.11,5.001000,5.002527,5.339745
20.12,5.001009,5.002527,5.338647
20.13,5.001018,5.002527,5.337549
20.14,5.001027,5.002527,5.336453
20.15,5.001036,5.002527,5.335357
20.16,5.001044,5.002527,5.334263
20.17,5.001053,5.002527,5.333170
20.18,5.001062,5.002527,5.332078
20.19,5.001071,5.002527,5.330987
20.20,5.001080,5.002527,5.329897
20.21,5.001089,5.002527,5.328809
20.22,5.001098,5.002527,5.327721
20.23,5.001107,5.002527,5.326635
20.24,5.001115,5.002527,5.325549
20.25,5.001124,5.002527,5.324465
20.26,5.001133,5.002527,5.323382
20.27,5.001142,5.002527,5.322300
20.28,5.001151,5.002527,5.321219
20.29,5.001160,5.002527,5.320139
20.30,5.001169,5.002527,5.319061
20.31,5.001178,5.002527,5.317983
20.32,5.001187,5.002527,5.316907
20.33,5.001195,5.002527,5.315831
20.34,5.001204,5.002527,5.314757
20.35,5.001213,5.002527,5.313684
20.36,5.001222,5.002527,5.312612
20.37,5.001231,5.002527,5.311541
20.38,5.001240,5.002527,5.310471
20.39,5.001249,5.002527,5.309402
20.40,5.001258,5.002527,5.308335
20.41,5.001266,5.002527,5.307268
20.42,5.001275,5.002527,5.306203
20.43,5.001284,5.002527,5.305139
20.44,5.001293,5.002527,5.304075
20.45,5.001302,5.002527,5.303013
20.46,5.001311,5.002527,5.301952
20.47,5.001320,5.002527,5.300893
20.48,5.001329,5.002527,5.299834
20.49,5.001338,5.002527,5.298776
20.50,5.001346,5.002527,5.297720
20.51,5.001355,5.002527,5.296664
20.52,5.001364,5.002527,5.295610
20.53,5.001373,5.002527,5.294557
20.54,5.001382,5.002527,5.293505
20.55,5.001391,5.002527,5.292454
20.56,5.001400,5.002527,5.291404
20.57,5.001409,5.002527,5.290355
20.58,5.001418,5.002527,5.289308
20.59,5.001426,5.002527,5.288261
20.60,5.001435,5.002527,5.287216
20.61,5.001444,5.002527,5.286172
20.62,5.001453,5.002527,5.285128
20.63,5.001462,5.002527,5.284086
20.64,5.001471,5.002527,5.283045
20.65,5.001480,5.002527,5.282005
20.66,5.001489,5.002527,5.280967
20.67,5.001497,5.002527,5.279929
20.68,5.001506,5.002527,5.278892
20.69,5.001515,5.002527,5.277857
20.70,5.001524,5.002527,5.276823
20.71,5.001533,5.002527,5.275790
20.72,5.001542,5.002527,5.274757
20.73,5.001551,5.002527,5.273726
20.74,5.001560,5.002527,5.272697
20.75,5.001569,5.002527,5.271668
20.76,5.001577,5.002527,5.270640
20.77,5.001586,5.002527,5.269614
20.78,5.001595,5.002527,5.268588
20.79,5.001604,5.002527,5.267564
20.80,5.001613,5.002527,5.266541
20.81,5.001622,5.002527,5.265518
20.82,5.001631,5.002527,5.264497
20.83,5.001640,5.002527,5.263478
20.84,5.001648,5.002527,5.262459
20.85,5.001657,5.002527,5.261441
20.86,5.001666,5.002527,5.260425
20.87,5.001675,5.002527,5.259409
20.88,5.001684,5.002527,5.258395
20.89,5.001693,5.002527,5.257381
20.90,5.001702,5.002527,5.256369
20.91,5.001711,5.002527,5.255358
20.92,5.001720,5.002527,5.254348
20.93,5.001728,5.002527,5.253340
20.94,5.001737,5.002527,5.252332
20.95,5.001746,5.002527,5.251325
20.96,5.001755,5.002527,5.250320
20.97,5.001764,5.002527,5.249315
20.98,5.001773,5.002527,5.248312
20.99,5.001782,5.002527,5.247310
21.00,5.001791,5.002527,5.246309
21.01,5.001800,5.002527,5.245309
21.02,5.001808,5.002527,5.244310
21.03,5.001817,5.002527,5.243313
21.04,5.001826,5.002527,5.242316
21.05,5.001835,5.002527,5.241320
21.06,5.001844,5.002527,5.240326
21.07,5.001853,5.002527,5.239333
21.08,5.001862,5.002527,5.238341
21.09,5.001871,5.002527,5.237350
21.10,5.001879,5.002527,5.236360
21.11,5.001888,5.002527,5.235371
21.12,5.001897,5.002527,5.234383
21.13,5.001906,5.002527,5.233396
21.14,5.001915,5.002527,5.232411
21.15,5.001924,5.002527,5.231427
21.16,5.001933,5.002527,5.230443
21.17,5.001942,5.002527,5.229461
21.18,5.001951,5.002527,5.228480
21.19,5.001959,5.002527,5.227500
21.20,5.001968,5.002527,5.226521
21.21,5.001977,5.002527,5.225543
21.22,5.001986,5.002527,5.224567
21.23,5.001995,5.002527,5.223591
21.24,5.002004,5.002527,5.222617
21.25,5.002013,5.002527,5.221644
21.26,5.002022,5.002527,5.220671
21.27,5.002030,5.002527,5.219700
21.28,5.002039,5.002527,5.218730
21.29,5.002048,5.002527,5.217761
21.30,5.002057,5.002527,5.216794
21.31,5.002066,5.002527,5.215827
21.32,5.002075,5.002527,5.214862
21.33,5.002084,5.002527,5.213897
21.34,5.002093,5.002527,5.212934
21.35,5.002102,5.002527,5.211972
21.36,5.002110,5.002527,5.211010
21.37,5.002119,5.002527,5.210050
21.38,5.002128,5.002527,5.209092
21.39,5.002137,5.002527,5.208134
21.40,5.002146,5.002527,5.207177
21.41,5.002155,5.002527,5.206222
21.42,5.002164,5.002527,5.205267
21.43,5.002173,5.002527,5.204314
21.44,5.002181,5.002527,5.203362
21.45,5.002190,5.002527,5.202410
21.46,5.002199,5.002527,5.201460
21.47,5.002208,5.002527,5.200512
21.48,5.002217,5.002527,5.199564
21.49,5.002226,5.002527,5.198617
21.50,5.002235,5.002527,5.197671
21.51,5.002244,5.002527,5.196727
21.52,5.002253,5.002527,5.195784
21.53,5.002261,5.002527,5.194841
21.54,5.002270,5.002527,5.193900
21.55,5.002279,5.002527,5.192960
21.56,5.002288,5.002527,5.192021
21.57,5.002297,5.002527,5.191084
21.58,5.002306,5.002527,5.190147
21.59,5.002315,5.002527,5.189211
21.60,5.002324,5.002527,5.188277
21.61,5.002333,5.002527,5.187343
21.62,5.002341,5.002527,5.186411
21.63,5.002350,5.002527,5.185480
21.64,5.002359,5.002527,5.184550
21.65,5.002368,5.002527,5.183621
21.66,5.002377,5.002527,5.182693
21.67,5.002386,5.002527,5.181766
21.68,5.002395,5.002527,5.180841
21.69,5.002404,5.002527,5.179916
21.70,5.002412,5.002527,5.178993
21.71,5.002421,5.002527,5.178071
21.72,5.002430,5.002527,5.177150
21.73,5.002439,5.002527,5.176229
21.74,5.002448,5.002527,5.175310
21.75,5.002457,5.002527,5.174393
21.76,5.002466,5.002527,5.173476
21.77,5.002475,5.002527,5.172560
21.78,5.002484,5.002527,5.171646
21.79,5.002492,5.002527,5.170732
21.80,5.002501,5.002527,5.169820
21.81,5.002510,5.002527,5.168909
21.82,5.002519,5.002527,5.167999
21.83,5.002528,5.002527,5.167090
21.84,5.002537,5.002527,5.166182
21.85,5.002546,5.002527,5.165275
21.86,5.002555,5.002527,5.164370
21.87,5.002564,5.002527,5.163465
21.88,5.002572,5.002527,5.162562
21.89,5.002581,5.002527,5.161659
21.90,5.002590,5.002527,5.160758
21.91,5.002599,5.002527,5.159858
21.92,5.002608,5.002527,5.158959
21.93,5.002617,5.002527,5.158061
21.94,5.002626,5.002527,5.157164
21.95,5.002635,5.002527,5.156269
21.96,5.002643,5.002527,5.155374
21.97,5.002652,5.002527,5.154481
21.98,5.002661,5.002527,5.153588
21.99,5.002670,5.002527,5.152697
22.00,5.002679,5.002527,5.151807
22.01,5.002688,5.002527,5.150918
22.02,5.002697,5.002527,5.150030
22.03,5.002706,5.002527,5.149143
22.04,5.002715,5.002527,5.148258
22.05,5.002723,5.002527,5.147373
22.06,5.002732,5.002527,5.146490
22.07,5.002741,5.002527,5.145607
22.08,5.002750,5.002527,5.144726
22.09,5.002759,5.002527,5.143846
22.10,5.002768,5.002527,5.142967
22.11,5.002777,5.002527,5.142089
22.12,5.002786,5.002527,5.141212
22.13,5.002794,5.002527,5.140337
22.14,5.002803,5.002527,5.139462
22.15,5.002812,5.002527,5.138589
22.16,5.002821,5.002527,5.137716
22.17,5.002830,5.002527,5.136845
22.18,5.002839,5.002527,5.135975
22.19,5.002848,5.002527,5.135106
22.20,5.002857,5.002527,5.134238
22.21,5.002866,5.002527,5.133371
22.22,5.002874,5.002527,5.132505
22.23,5.002883,5.002527,5.131641
22.24,5.002892,5.002527,5.130777
22.25,5.002901,5.002527,5.129915
22.26,5.002910,5.002527,5.129054
22.27,5.002919,5.002527,5.128193
22.28,5.002928,5.002527,5.127334
22.29,5.002937,5.002527,5.126476
22.30,5.002945,5.002527,5.125620
22.31,5.002954,5.002527,5.124764
22.32,5.002963,5.002527,5.123909
22.33,5.002972,5.002527,5.123056
22.34,5.002981,5.002527,5.122203
22.35,5.002990,5.002527,5.121352
22.36,5.002999,5.002527,5.120502
22.37,5.003008,5.002527,5.119653
22.38,5.003017,5.002527,5.118805
22.39,5.003025,5.002527,5.117958
22.40,5.003034,5.002527,5.117112
22.41,5.003043,5.002527,5.116268
22.42,5.003052,5.002527,5.115424
22.43,5.003061,5.002527,5.114582
22.44,5.003070,5.002527,5.113741
22.45,5.003079,5.002527,5.112900
22.46,5.003088,5.002527,5.112061
22.47,5.003097,5.002527,5.111223
22.48,5.003105,5.002527,5.110386
22.49,5.003114,5.002527,5.109551
22.50,5.003123,5.002527,5.108716
22.51,5.003132,5.002527,5.107882
22.52,5.003141,5.002527,5.107050
22.53,5.003150,5.002527,5.106219
22.54,5.003159,5.002527,5.105389
22.55,5.003168,5.002527,5.104559
22.56,5.003176,5.002527,5.103731
22.57,5.003185,5.002527,5.102905
22.58,5.003194,5.002527,5.102079
22.59,5.003203,5.002527,5.101254
22.60,5.003212,5.002527,5.100431
22.61,5.003221,5.002527,5.099608
22.62,5.003230,5.002527,5.098787
22.63,5.003239,5.002527,5.097967
22.64,5.003248,5.002527,5.097147
22.65,5.003256,5.002527,5.096329
22.66,5.003265,5.002527,5.095513
22.67,5.003274,5.002527,5.094697
22.68,5.003283,5.002527,5.093882
22.69,5.003292,5.002527,5.093068
22.70,5.003301,5.002527,5.092256
22.71,5.003310,5.002527,5.091445
22.72,5.003319,5.002527,5.090634
22.73,5.003327,5.002527,5.089825
22.74,5.003336,5.002527,5.089017
22.75,5.003345,5.002527,5.088210
22.76,5.003354,5.002527,5.087405
22.77,5.003363,5.002527,5.086600
22.78,5.003372,5.002527,5.085796
22.79,5.003381,5.002527,5.084994
22.80,5.003390,5.002527,5.084192
22.81,5.003399,5.002527,5.083392
22.82,5.003407,5.002527,5.082593
22.83,5.003416,5.002527,5.081795
22.84,5.003425,5.002527,5.080998
22.85,5.003434,5.002527,5.080202
22.86,5.003443,5.002527,5.079408
22.87,5.003452,5.002527,5.078614
22.88,5.003461,5.002527,5.077821
22.89,5.003470,5.002527,5.077030
22.90,5.003479,5.002527,5.076240
22.91,5.003487,5.002527,5.075451
22.92,5.003496,5.002527,5.074663
22.93,5.003505,5.002527,5.073876
22.94,5.003514,5.002527,5.073090
22.95,5.003523,5.002527,5.072305
22.96,5.003532,5.002527,5.071521
22.97,5.003541,5.002527,5.070739
22.98,5.003550,5.002527,5.069958
22.99,5.003558,5.002527,5.069177
23.00,5.003567,5.002527,5.068398
23.01,5.003576,5.002527,5.067620
23.02,5.003585,5.002527,5.066843
23.03,5.003594,5.002527,5.066067
23.04,5.003603,5.002527,5.065292
23.05,5.003612,5.002527,5.064519
23.06,5.003621,5.002527,5.063746
23.07,5.003630,5.002527,5.062975
23.08,5.003638,5.002527,5.062205
23.09,5.003647,5.002527,5.061435
23.10,5.003656,5.002527,5.060667
23.11,5.003665,5.002527,5.059900
23.12,5.003674,5.002527,5.059134
23.13,5.003683,5.002527,5.058370
23.14,5.003692,5.002527,5.057606
23.15,5.003701,5.002527,5.056843
23.16,5.003709,5.002527,5.056082
23.17,5.003718,5.002527,5.055322
23.18,5.003727,5.002527,5.054562
23.19,5.003736,5.002527,5.053804
23.20,5.003745,5.002527,5.053047
23.21,5.003754,5.002527,5.052292
23.22,5.003763,5.002527,5.051537
23.23,5.003772,5.002527,5.050783
23.24,5.003781,5.002527,5.050031
23.25,5.003789,5.002527,5.049279
23.26,5.003798,5.002527,5.048529
23.27,5.003807,5.002527,5.047779
23.28,5.003816,5.002527,5.047031
23.29,5.003825,5.002527,5.046284
23.30,5.003834,5.002527,5.045538
23.31,5.003843,5.002527,5.044794
23.32,5.003852,5.002527,5.044050
23.33,5.003861,5.002527,5.043307
23.34,5.003869,5.002527,5.042566
23.35,5.003878,5.002527,5.041826
23.36,5.003887,5.002527,5.041086
23.37,5.003896,5.002527,5.040348
23.38,5.003905,5.002527,5.039611
23.39,5.003914,5.002527,5.038875
23.40,5.003923,5.002527,5.038140
23.41,5.003932,5.002527,5.037407
23.42,5.003940,5.002527,5.036674
23.43,5.003949,5.002527,5.035943
23.44,5.003958,5.002527,5.035212
23.45,5.003967,5.002527,5.034483
23.46,5.003976,5.002527,5.033755
23.47,5.003985,5.002527,5.033028
23.48,5.003994,5.002527,5.032302
23.49,5.004003,5.002527,5.031577
23.50,5.004012,5.002527,5.030853
23.51,5.004020,5.002527,5.030131
23.52,5.004029,5.002527,5.029409
23.53,5.004038,5.002527,5.028689
23.54,5.004047,5.002527,5.027970
23.55,5.004056,5.002527,5.027251
23.56,5.004065,5.002527,5.026534
23.57,5.004074,5.002527,5.025818
23.58,5.004083,5.002527,5.025104
23.59,5.004091,5.002527,5.024390
23.60,5.004100,5.002527,5.023677
23.61,5.004109,5.002527,5.022966
23.62,5.004118,5.002527,5.022255
23.63,5.004127,5.002527,5.021546
23.64,5.004136,5.002527,5.020838
23.65,5.004145,5.002527,5.020131
23.66,5.004154,5.002527,5.019425
23.67,5.004163,5.002527,5.018720
23.68,5.004171,5.002527,5.018016
23.69,5.004180,5.002527,5.017313
23.70,5.004189,5.002527,5.016612
23.71,5.004198,5.002527,5.015912
23.72,5.004207,5.002527,5.015212
23.73,5.004216,5.002527,5.014514
23.74,5.004225,5.002527,5.013817
23.75,5.004234,5.002527,5.013121
23.76,5.004243,5.002527,5.012426
23.77,5.004251,5.002527,5.011732
23.78,5.004260,5.002527,5.011040
23.79,5.004269,5.002527,5.010348
23.80,5.004278,5.002527,5.009658
23.81,5.004287,5.002527,5.008968
23.82,5.004296,5.002527,5.008280
23.83,5.004305,5.002527,5.007593
23.84,5.004314,5.002527,5.006907
23.85,5.004322,5.002527,5.006222
23.86,5.004331,5.002527,5.005538
23.87,5.004340,5.002527,5.004856
23.88,5.004349,5.002527,5.004174
23.89,5.004358,5.002527,5.003494
23.90,5.004367,5.002527,5.002814
23.91,5.004376,5.002527,5.002136
23.92,5.004385,5.002527,5.001459
23.93,5.004394,5.002527,5.000783
23.94,5.004402,5.002527,5.000108
23.95,5.004411,5.002527,4.999434
23.96,5.004420,5.002527,4.998762
23.97,5.004429,5.002527,4.998090
23.98,5.004438,5.002527,4.997419
23.99,5.004447,5.002527,4.996750
24.00,5.004456,5.002527,4.996082
24.01,5.004465,5.002527,4.995415
24.02,5.004473,5.002527,4.994749
24.03,5.004482,5.002527,4.994084
24.04,5.004491,5.002527,4.993420
24.05,5.004500,5.002527,4.992757
24.06,5.004509,5.002527,4.992096
24.07,5.004518,5.002527,4.991435
24.08,5.004527,5.002527,4.990776
24.09,5.004536,5.002527,4.990117
24.10,5.004545,5.002527,4.989460
24.11,5.004553,5.002527,4.988804
24.12,5.004562,5.002527,4.988149
24.13,5.004571,5.002527,4.987495
24.14,5.004580,5.002527,4.986843
24.15,5.004589,5.002527,4.986191
24.16,5.004598,5.002527,4.985541
24.17,5.004607,5.002527,4.984891
24.18,5.004616,5.002527,4.984243
24.19,5.004624,5.002527,4.983596
24.20,5.004633,5.002527,4.982950
24.21,5.004642,5.002527,4.982305
24.22,5.004651,5.002527,4.981661
24.23,5.004660,5.002527,4.981018
24.24,5.004669,5.002527,4.980377
24.25,5.004678,5.002527,4.979736
24.26,5.004687,5.002527,4.979097
24.27,5.004696,5.002527,4.978458
24.28,5.004704,5.002527,4.977821
24.29,5.004713,5.002527,4.977185
24.30,5.004722,5.002527,4.976550
24.31,5.004731,5.002527,4.975916
24.32,5.004740,5.002527,4.975283
24.33,5.004749,5.002527,4.974652
24.34,5.004758,5.002527,4.974021
24.35,5.004767,5.002527,4.973392
24.36,5.004776,5.002527,4.972764
24.37,5.004784,5.002527,4.972136
24.38,5.004793,5.002527,4.971510
24.39,5.004802,5.002527,4.970885
24.40,5.004811,5.002527,4.970261
24.41,5.004820,5.002527,4.969639
24.42,5.004829,5.002527,4.969017
24.43,5.004838,5.002527,4.968396
24.44,5.004847,5.002527,4.967777
24.45,5.004855,5.002527,4.967159
24.46,5.004864,5.002527,4.966541
24.47,5.004873,5.002527,4.965925
24.48,5.004882,5.002527,4.965310
24.49,5.004891,5.002527,4.964696
24.50,5.004900,5.002527,4.964084
24.51,5.004909,5.002527,4.963472
24.52,5.004918,5.002527,4.962861
24.53,5.004927,5.002527,4.962252
24.54,5.004935,5.002527,4.961643
24.55,5.004944,5.002527,4.961036
24.56,5.004953,5.002527,4.960430
24.57,5.004962,5.002527,4.959825
24.58,5.004971,5.002527,4.959221
24.59,5.004980,5.002527,4.958618
24.60,5.004989,5.002527,4.958017
24.61,5.004998,5.002527,4.957416
24.62,5.005006,5.002527,4.956817
24.63,5.005015,5.002527,4.956218
24.64,5.005024,5.002527,4.955621
24.65,5.005033,5.002527,4.955025
24.66,5.005042,5.002527,4.954430
24.67,5.005051,5.002527,4.953836
24.68,5.005060,5.002527,4.953243
24.69,5.005069,5.002527,4.952651
24.70,5.005078,5.002527,4.952061
24.71,5.005086,5.002527,4.951471
24.72,5.005095,5.002527,4.950883
24.73,5.005104,5.002527,4.950296
24.74,5.005113,5.002527,4.949709
24.75,5.005122,5.002527,4.949124
24.76,5.005131,5.002527,4.948540
24.77,5.005140,5.002527,4.947958
24.78,5.005149,5.002527,4.947376
24.79,5.005158,5.002527,4.946795
24.80,5.005166,5.002527,4.946216
24.81,5.005175,5.002527,4.945637
24.82,5.005184,5.002527,4.945060
24.83,5.005193,5.002527,4.944484
24.84,5.005202,5.002527,4.943909
24.85,5.005211,5.002527,4.943335
24.86,5.005220,5.002527,4.942762
24.87,5.005229,5.002527,4.942190
24.88,5.005237,5.002527,4.941620
24.89,5.005246,5.002527,4.941050
24.90,5.005255,5.002527,4.940482
24.91,5.005264,5.002527,4.939914
24.92,5.005273,5.002527,4.939348
24.93,5.005282,5.002527,4.938783
24.94,5.005291,5.002527,4.938219
24.95,5.005300,5.002527,4.937656
24.96,5.005309,5.002527,4.937094
24.97,5.005317,5.002527,4.936534
24.98,5.005326,5.002527,4.935974
24.99,5.005335,5.002527,4.935416
25.00,5.005344,5.002527,4.934858
25.01,5.005353,5.002527,4.934302
25.02,5.005362,5.002527,4.933747
25.03,5.005371,5.002527,4.933193
25.04,5.005380,5.002527,4.932640
25.05,5.005388,5.002527,4.932088
25.06,5.005397,5.002527,4.931538
25.07,5.005406,5.002527,4.930988
25.08,5.005415,5.002527,4.930440
25.09,5.005424,5.002527,4.929892
25.10,5.005433,5.002527,4.929346
25.11,5.005442,5.002527,4.928801
25.12,5.005451,5.002527,4.928257
25.13,5.005460,5.002527,4.927714
25.14,5.005468,5.002527,4.927172
25.15,5.005477,5.002527,4.926632
25.16,5.005486,5.002527,4.926092
25.17,5.005495,5.002527,4.925554
25.18,5.005504,5.002527,4.925016
25.19,5.005513,5.002527,4.924480
25.20,5.005522,5.002527,4.923945
25.21,5.005531,5.002527,4.923411
25.22,5.005540,5.002527,4.922878
25.23,5.005548,5.002527,4.922346
25.24,5.005557,5.002527,4.921815
25.25,5.005566,5.002527,4.921286
25.26,5.005575,5.002527,4.920757
25.27,5.005584,5.002527,4.920230
25.28,5.005593,5.002527,4.919704
25.29,5.005602,5.002527,4.919179
25.30,5.005611,5.002527,4.918655
25.31,5.005619,5.002527,4.918132
25.32,5.005628,5.002527,4.917610
25.33,5.005637,5.002527,4.917089
25.34,5.005646,5.002527,4.916569
25.35,5.005655,5.002527,4.916051
25.36,5.005664,5.002527,4.915534
25.37,5.005673,5.002527,4.915017
25.38,5.005682,5.002527,4.914502
25.39,5.005691,5.002527,4.913988
25.40,5.005699,5.002527,4.913475
25.41,5.005708,5.002527,4.912963
25.42,5.005717,5.002527,4.912453
25.43,5.005726,5.002527,4.911943
25.44,5.005735,5.002527,4.911434
25.45,5.005744,5.002527,4.910927
25.46,5.005753,5.002527,4.910421
25.47,5.005762,5.002527,4.909915
25.48,5.005770,5.002527,4.909411
25.49,5.005779,5.002527,4.908908
25.50,5.005788,5.002527,4.908407
25.51,5.005797,5.002527,4.907906
25.52,5.005806,5.002527,4.907406
25.53,5.005815,5.002527,4.906908
25.54,5.005824,5.002527,4.906410
25.55,5.005833,5.002527,4.905914
25.56,5.005842,5.002527,4.905419
25.57,5.005850,5.002527,4.904925
25.58,5.005859,5.002527,4.904432
25.59,5.005868,5.002527,4.903940
25.60,5.005877,5.002527,4.903449
25.61,5.005886,5.002527,4.902959
25.62,5.005895,5.002527,4.902471
25.63,5.005904,5.002527,4.901983
25.64,5.005913,5.002527,4.901497
25.65,5.005922,5.002527,4.901012
25.66,5.005930,5.002527,4.900528
25.67,5.005939,5.002527,4.900045
25.68,5.005948,5.002527,4.899563
25.69,5.005957,5.002527,4.899082
25.70,5.005966,5.002527,4.898602
25.71,5.005975,5.002527,4.898124
25.72,5.005984,5.002527,4.897646
25.73,5.005993,5.002527,4.897170
25.74,5.006001,5.002527,4.896695
25.75,5.006010,5.002527,4.896221
25.76,5.006019,5.002527,4.895748
25.77,5.006028,5.002527,4.895276
25.78,5.006037,5.002527,4.894805
25.79,5.006046,5.002527,4.894335
25.80,5.006055,5.002527,4.893867
25.81,5.006064,5.002527,4.893399
25.82,5.006073,5.002527,4.892933
25.83,5.006081,5.002527,4.892468
25.84,5.006090,5.002527,4.892003
25.85,5.006099,5.002527,4.891540
25.86,5.006108,5.002527,4.891078
25.87,5.006117,5.002527,4.890618
25.88,5.006126,5.002527,4.890158
25.89,5.006135,5.002527,4.889699
25.90,5.006144,5.002527,4.889242
25.91,5.006152,5.002527,4.888785
25.92,5.006161,5.002527,4.888330
25.93,5.006170,5.002527,4.887876
25.94,5.006179,5.002527,4.887423
25.95,5.006188,5.002527,4.886971
25.96,5.006197,5.002527,4.886520
25.97,5.006206,5.002527,4.886070
25.98,5.006215,5.002527,4.885622
25.99,5.006224,5.002527,4.885174
26.00,5.006232,5.002527,4.884728
26.01,5.006241,5.002527,4.884283
26.02,5.006250,5.002527,4.883838
26.03,5.006259,5.002527,4.883395
26.04,5.006268,5.002527,4.882953
26.05,5.006277,5.002527,4.882513
26.06,5.006286,5.002527,4.882073
26.07,5.006295,5.002527,4.881634
26.08,5.006303,5.002527,4.881197
26.09,5.006312,5.002527,4.880760
26.10,5.006321,5.002527,4.880325
26.11,5.006330,5.002527,4.879891
26.12,5.006339,5.002527,4.879458
26.13,5.006348,5.002527,4.879026
26.14,5.006357,5.002527,4.878595
26.15,5.006366,5.002527,4.878165
26.16,5.006375,5.002527,4.877736
26.17,5.006383,5.002527,4.877309
26.18,5.006392,5.002527,4.876882
26.19,5.006401,5.002527,4.876457
26.20,5.006410,5.002527,4.876033
26.21,5.006419,5.002527,4.875610
26.22,5.006428,5.002527,4.875188
26.23,5.006437,5.002527,4.874767
26.24,5.006446,5.002527,4.874347
26.25,5.006455,5.002527,4.873929
26.26,5.006463,5.002527,4.873511
26.27,5.006472,5.002527,4.873095
26.28,5.006481,5.002527,4.872679
26.29,5.006490,5.002527,4.872265
26.30,5.006499,5.002527,4.871852
26.31,5.006508,5.002527,4.871440
26.32,5.006517,5.002527,4.871029
26.33,5.006526,5.002527,4.870619
26.34,5.006534,5.002527,4.870210
26.35,5.006543,5.002527,4.869803
26.36,5.006552,5.002527,4.869396
26.37,5.006561,5.002527,4.868991
26.38,5.006570,5.002527,4.868587
26.39,5.006579,5.002527,4.868184
26.40,5.006588,5.002527,4.867782
26.41,5.006597,5.002527,4.867381
26.42,5.006606,5.002527,4.866981
26.43,5.006614,5.002527,4.866582
26.44,5.006623,5.002527,4.866185
26.45,5.006632,5.002527,4.865788
26.46,5.006641,5.002527,4.865393
26.47,5.006650,5.002527,4.864999
26.48,5.006659,5.002527,4.864605
26.49,5.006668,5.002527,4.864213
26.50,5.006677,5.002527,4.863822
26.51,5.006685,5.002527,4.863433
26.52,5.006694,5.002527,4.863044
26.53,5.006703,5.002527,4.862656
26.54,5.006712,5.002527,4.862270
26.55,5.006721,5.002527,4.861884
26.56,5.006730,5.002527,4.861500
26.57,5.006739,5.002527,4.861117
26.58,5.006748,5.002527,4.860735
26.59,5.006757,5.002527,4.860354
26.60,5.006765,5.002527,4.859974
26.61,5.006774,5.002527,4.859595
26.62,5.006783,5.002527,4.859218
26.63,5.006792,5.002527,4.858841
26.64,5.006801,5.002527,4.858466
26.65,5.006810,5.002527,4.858092
26.66,5.006819,5.002527,4.857718
26.67,5.006828,5.002527,4.857346
26.68,5.006837,5.002527,4.856975
26.69,5.006845,5.002527,4.856606
26.70,5.006854,5.002527,4.856237
26.71,5.006863,5.002527,4.855869
26.72,5.006872,5.002527,4.855503
26.73,5.006881,5.002527,4.855137
26.74,5.006890,5.002527,4.854773
26.75,5.006899,5.002527,4.854410
26.76,5.006908,5.002527,4.854048
26.77,5.006916,5.002527,4.853687
26.78,5.006925,5.002527,4.853327
26.79,5.006934,5.002527,4.852968
26.80,5.006943,5.002527,4.852610
26.81,5.006952,5.002527,4.852254
26.82,5.006961,5.002527,4.851898
26.83,5.006970,5.002527,4.851544
26.84,5.006979,5.002527,4.851191
26.85,5.006988,5.002527,4.850839
26.86,5.006996,5.002527,4.850488
26.87,5.007005,5.002527,4.850138
26.88,5.007014,5.002527,4.849789
26.89,5.007023,5.002527,4.849441
26.90,5.007032,5.002527,4.849095
26.91,5.007041,5.002527,4.848749
26.92,5.007050,5.002527,4.848405
26.93,5.007059,5.002527,4.848062
26.94,5.007067,5.002527,4.847720
26.95,5.007076,5.002527,4.847379
26.96,5.007085,5.002527,4.847039
26.97,5.007094,5.002527,4.846700
26.98,5.007103,5.002527,4.846362
26.99,5.007112,5.002527,4.846026
27.00,5.007121,5.002527,4.845690
27.01,5.007130,5.002527,4.845356
27.02,5.007139,5.002527,4.845023
27.03,5.007147,5.002527,4.844690
27.04,5.007156,5.002527,4.844359
27.05,5.007165,5.002527,4.844030
27.06,5.007174,5.002527,4.843701
27.07,5.007183,5.002527,4.843373
27.08,5.007192,5.002527,4.843046
27.09,5.007201,5.002527,4.842721
27.10,5.007210,5.002527,4.842397
27.11,5.007219,5.002527,4.842073
27.12,5.007227,5.002527,4.841751
27.13,5.007236,5.002527,4.841430
27.14,5.007245,5.002527,4.841110
27.15,5.007254,5.002527,4.840791
27.16,5.007263,5.002527,4.840474
27.17,5.007272,5.002527,4.840157
27.18,5.007281,5.002527,4.839842
27.19,5.007290,5.002527,4.839527
27.20,5.007298,5.002527,4.839214
27.21,5.007307,5.002527,4.838902
27.22,5.007316,5.002527,4.838591
27.23,5.007325,5.002527,4.838281
27.24,5.007334,5.002527,4.837972
27.25,5.007343,5.002527,4.837664
27.26,5.007352,5.002527,4.837357
27.27,5.007361,5.002527,4.837052
27.28,5.007370,5.002527,4.836748
27.29,5.007378,5.002527,4.836444
27.30,5.007387,5.002527,4.836142
27.31,5.007396,5.002527,4.835841
27.32,5.007405,5.002527,4.835541
27.33,5.007414,5.002527,4.835242
27.34,5.007423,5.002527,4.834944
27.35,5.007432,5.002527,4.834648
27.36,5.007441,5.002527,4.834352
27.37,5.007449,5.002527,4.834058
27.38,5.007458,5.002527,4.833764
27.39,5.007467,5.002527,4.833472
27.40,5.007476,5.002527,4.833181
27.41,5.007485,5.002527,4.832891
27.42,5.007494,5.002527,4.832602
27.43,5.007503,5.002527,4.832315
27.44,5.007512,5.002527,4.832028
27.45,5.007521,5.002527,4.831742
27.46,5.007529,5.002527,4.831458
27.47,5.007538,5.002527,4.831175
27.48,5.007547,5.002527,4.830892
27.49,5.007556,5.002527,4.830611
27.50,5.007565,5.002527,4.830331
27.51,5.007574,5.002527,4.830052
27.52,5.007583,5.002527,4.829775
27.53,5.007592,5.002527,4.829498
27.54,5.007600,5.002527,4.829222
27.55,5.007609,5.002527,4.828948
27.56,5.007618,5.002527,4.828674
27.57,5.007627,5.002527,4.828402
27.58,5.007636,5.002527,4.828131
27.59,5.007645,5.002527,4.827861
27.60,5.007654,5.002527,4.827592
27.61,5.007663,5.002527,4.827324
27.62,5.007672,5.002527,4.827058
27.63,5.007680,5.002527,4.826792
27.64,5.007689,5.002527,4.826528
27.65,5.007698,5.002527,4.826264
27.66,5.007707,5.002527,4.826002
27.67,5.007716,5.002527,4.825741
27.68,5.007725,5.002527,4.825481
27.69,5.007734,5.002527,4.825222
27.70,5.007743,5.002527,4.824964
27.71,5.007752,5.002527,4.824707
27.72,5.007760,5.002527,4.824452
27.73,5.007769,5.002527,4.824197
27.74,5.007778,5.002527,4.823944
27.75,5.007787,5.002527,4.823692
27.76,5.007796,5.002527,4.823440
27.77,5.007805,5.002527,4.823190
27.78,5.007814,5.002527,4.822941
27.79,5.007823,5.002527,4.822694
27.80,5.007831,5.002527,4.822447
27.81,5.007840,5.002527,4.822201
27.82,5.007849,5.002527,4.821957
27.83,5.007858,5.002527,4.821713
27.84,5.007867,5.002527,4.821471
27.85,5.007876,5.002527,4.821230
27.86,5.007885,5.002527,4.820990
27.87,5.007894,5.002527,4.820751
27.88,5.007903,5.002527,4.820513
27.89,5.007911,5.002527,4.820276
27.90,5.007920,5.002527,4.820041
27.91,5.007929,5.002527,4.819806
27.92,5.007938,5.002527,4.819573
27.93,5.007947,5.002527,4.819340
27.94,5.007956,5.002527,4.819109
27.95,5.007965,5.002527,4.818879
27.96,5.007974,5.002527,4.818650
27.97,5.007983,5.002527,4.818422
27.98,5.007991,5.002527,4.818196
27.99,5.008000,5.002527,4.817970
28.00,5.008009,5.002527,4.817745
28.01,5.008018,5.002527,4.817522
28.02,5.008027,5.002527,4.817300
28.03,5.008036,5.002527,4.817078
28.04,5.008045,5.002527,4.816858
28.05,5.008054,5.002527,4.816639
28.06,5.008062,5.002527,4.816421
28.07,5.008071,5.002527,4.816205
28.08,5.008080,5.002527,4.815989
28.09,5.008089,5.002527,4.815774
28.10,5.008098,5.002527,4.815561
28.11,5.008107,5.002527,4.815349
28.12,5.008116,5.002527,4.815137
28.13,5.008125,5.002527,4.814927
28.14,5.008134,5.002527,4.814718
28.15,5.008142,5.002527,4.814510
28.16,5.008151,5.002527,4.814304
28.17,5.008160,5.002527,4.814098
28.18,5.008169,5.002527,4.813893
28.19,5.008178,5.002527,4.813690
28.20,5.008187,5.002527,4.813488
28.21,5.008196,5.002527,4.813286
28.22,5.008205,5.002527,4.813086
28.23,5.008213,5.002527,4.812887
28.24,5.008222,5.002527,4.812689
28.25,5.008231,5.002527,4.812492
28.26,5.008240,5.002527,4.812297
28.27,5.008249,5.002527,4.812102
28.28,5.008258,5.002527,4.811909
28.29,5.008267,5.002527,4.811716
28.30,5.008276,5.002527,4.811525
28.31,5.008285,5.002527,4.811335
28.32,5.008293,5.002527,4.811146
28.33,5.008302,5.002527,4.810958
28.34,5.008311,5.002527,4.810771
28.35,5.008320,5.002527,4.810585
28.36,5.008329,5.002527,4.810401
28.37,5.008338,5.002527,4.810217
28.38,5.008347,5.002527,4.810035
28.39,5.008356,5.002527,4.809854
28.40,5.008364,5.002527,4.809673
28.41,5.008373,5.002527,4.809494
28.42,5.008382,5.002527,4.809316
28.43,5.008391,5.002527,4.809140
28.44,5.008400,5.002527,4.808964
28.45,5.008409,5.002527,4.808789
28.46,5.008418,5.002527,4.808616
28.47,5.008427,5.002527,4.808443
28.48,5.008436,5.002527,4.808272
28.49,5.008444,5.002527,4.808102
28.50,5.008453,5.002527,4.807933
28.51,5.008462,5.002527,4.807765
28.52,5.008471,5.002527,4.807598
28.53,5.008480,5.002527,4.807432
28.54,5.008489,5.002527,4.807268
28.55,5.008498,5.002527,4.807104
28.56,5.008507,5.002527,4.806942
28.57,5.008516,5.002527,4.806780
28.58,5.008524,5.002527,4.806620
28.59,5.008533,5.002527,4.806461
28.60,5.008542,5.002527,4.806303
28.61,5.008551,5.002527,4.806146
28.62,5.008560,5.002527,4.805990
28.63,5.008569,5.002527,4.805836
28.64,5.008578,5.002527,4.805682
28.65,5.008587,5.002527,4.805530
28.66,5.008595,5.002527,4.805378
28.67,5.008604,5.002527,4.805228
28.68,5.008613,5.002527,4.805079
28.69,5.008622,5.002527,4.804931
28.70,5.008631,5.002527,4.804784
28.71,5.008640,5.002527,4.804638
28.72,5.008649,5.002527,4.804494
28.73,5.008658,5.002527,4.804350
28.74,5.008667,5.002527,4.804208
28.75,5.008675,5.002527,4.804066
28.76,5.008684,5.002527,4.803926
28.77,5.008693,5.002527,4.803787
28.78,5.008702,5.002527,4.803649
28.79,5.008711,5.002527,4.803512
28.80,5.008720,5.002527,4.803376
28.81,5.008729,5.002527,4.803242
28.82,5.008738,5.002527,4.803108
28.83,5.008747,5.002527,4.802976
28.84,5.008755,5.002527,4.802844
28.85,5.008764,5.002527,4.802714
28.86,5.008773,5.002527,4.802585
28.87,5.008782,5.002527,4.802457
28.88,5.008791,5.002527,4.802330
28.89,5.008800,5.002527,4.802204
28.90,5.008809,5.002527,4.802079
28.91,5.008818,5.002527,4.801956
28.92,5.008826,5.002527,4.801833
28.93,5.008835,5.002527,4.801712
28.94,5.008844,5.002527,4.801592
28.95,5.008853,5.002527,4.801473
28.96,5.008862,5.002527,4.801354
28.97,5.008871,5.002527,4.801238
28.98,5.008880,5.002527,4.801122
28.99,5.008889,5.002527,4.801007
29.00,5.008898,5.002527,4.800893
29.01,5.008906,5.002527,4.800781
29.02,5.008915,5.002527,4.800669
29.03,5.008924,5.002527,4.800559
29.04,5.008933,5.002527,4.800450
29.05,5.008942,5.002527,4.800342
29.06,5.008951,5.002527,4.800235
29.07,5.008960,5.002527,4.800129
29.08,5.008969,5.002527,4.800024
29.09,5.008977,5.002527,4.799921
29.10,5.008986,5.002527,4.799818
29.11,5.008995,5.002527,4.799717
29.12,5.009004,5.002527,4.799617
29.13,5.009013,5.002527,4.799517
29.14,5.009022,5.002527,4.799419
29.15,5.009031,5.002527,4.799322
29.16,5.009040,5.002527,4.799226
29.17,5.009049,5.002527,4.799132
29.18,5.009057,5.002527,4.799038
29.19,5.009066,5.002527,4.798946
29.20,5.009075,5.002527,4.798854
29.21,5.009084,5.002527,4.798764
29.22,5.009093,5.002527,4.798675
29.23,5.009102,5.002527,4.798586
29.24,5.009111,5.002527,4.798500
29.25,5.009120,5.002527,4.798414
29.26,5.009128,5.002527,4.798329
29.27,5.009137,5.002527,4.798245
29.28,5.009146,5.002527,4.798163
29.29,5.009155,5.002527,4.798081
29.30,5.009164,5.002527,4.798001
29.31,5.009173,5.002527,4.797922
29.32,5.009182,5.002527,4.797844
29.33,5.009191,5.002527,4.797767
29.34,5.009200,5.002527,4.797691
29.35,5.009208,5.002527,4.797616
29.36,5.009217,5.002527,4.797542
29.37,5.009226,5.002527,4.797470
29.38,5.009235,5.002527,4.797398
29.39,5.009244,5.002527,4.797328
29.40,5.009253,5.002527,4.797259
29.41,5.009262,5.002527,4.797190
29.42,5.009271,5.002527,4.797123
29.43,5.009280,5.002527,4.797058
29.44,5.009288,5.002527,4.796993
29.45,5.009297,5.002527,4.796929
29.46,5.009306,5.002527,4.796866
29.47,5.009315,5.002527,4.796805
29.48,5.009324,5.002527,4.796745
29.49,5.009333,5.002527,4.796685
29.50,5.009342,5.002527,4.796627
29.51,5.009351,5.002527,4.796570
29.52,5.009359,5.002527,4.796514
29.53,5.009368,5.002527,4.796459
29.54,5.009377,5.002527,4.796406
29.55,5.009386,5.002527,4.796353
29.56,5.009395,5.002527,4.796302
29.57,5.009404,5.002527,4.796251
29.58,5.009413,5.002527,4.796202
29.59,5.009422,5.002527,4.796154
29.60,5.009431,5.002527,4.796107
29.61,5.009439,5.002527,4.796061
29.62,5.009448,5.002527,4.796016
29.63,5.009457,5.002527,4.795972
29.64,5.009466,5.002527,4.795930
29.65,5.009475,5.002527,4.795888
29.66,5.009484,5.002527,4.795848
29.67,5.009493,5.002527,4.795808
29.68,5.009502,5.002527,4.795770
29.69,5.009510,5.002527,4.795733
29.70,5.009519,5.002527,4.795697
29.71,5.009528,5.002527,4.795662
29.72,5.009537,5.002527,4.795629
29.73,5.009546,5.002527,4.795596
29.74,5.009555,5.002527,4.795564
29.75,5.009564,5.002527,4.795534
29.76,5.009573,5.002527,4.795505
29.77,5.009582,5.002527,4.795477
29.78,5.009590,5.002527,4.795449
29.79,5.009599,5.002527,4.795423
29.80,5.009608,5.002527,4.795399
29.81,5.009617,5.002527,4.795375
29.82,5.009626,5.002527,4.795352
29.83,5.009635,5.002527,4.795331
29.84,5.009644,5.002527,4.795310
29.85,5.009653,5.002527,4.795291
29.86,5.009662,5.002527,4.795273
29.87,5.009670,5.002527,4.795256
29.88,5.009679,5.002527,4.795240
29.89,5.009688,5.002527,4.795225
29.90,5.009697,5.002527,4.795211
29.91,5.009706,5.002527,4.795198
29.92,5.009715,5.002527,4.795187
29.93,5.009724,5.002527,4.795176
29.94,5.009733,5.002527,4.795167
29.95,5.009741,5.002527,4.795159
29.96,5.009750,5.002527,4.795152
29.97,5.009759,5.002527,4.795146
29.98,5.009768,5.002527,4.795141
29.99,5.009777,5.002527,4.795137
30.00,5.009786,5.002527,4.795134
